dosya,su_orani
water_body_1.jpg,0.12965596023673243
water_body_10.jpg,0.35042976347324173
water_body_100.jpg,0.5576093730524742
water_body_1000.jpg,0.23765007379043515
water_body_1002.jpg,0.1725206611570248
water_body_1003.jpg,0.5927696499301692
water_body_1004.jpg,0.455680981595092
water_body_1006.jpg,0.020037423982535475
water_body_1008.jpg,0.5670372792674951
water_body_101.jpg,0.6537698412698413
water_body_1010.jpg,0.6417131123496627
water_body_1011.jpg,0.32070681511470983
water_body_1014.jpg,0.6543972543972544
water_body_1015.jpg,0.4018831168831169
water_body_1018.jpg,0.11894954507857734
water_body_1019.jpg,0.5343145743145743
water_body_102.jpg,0.46350257052289495
water_body_1020.jpg,0.0870121233822702
water_body_1021.jpg,0.1017184664246824
water_body_1022.jpg,0.3035569539713944
water_body_1023.jpg,1.0
water_body_1024.jpg,0.41483516483516486
water_body_1026.jpg,0.08952337035186822
water_body_1027.jpg,0.4963172632091551
water_body_1028.jpg,0.10152154782098537
water_body_1029.jpg,0.1882820701683091
water_body_103.jpg,0.2539042165538782
water_body_1030.jpg,0.4875197316495659
water_body_1031.jpg,0.385049583090279
water_body_1033.jpg,0.09480034472852629
water_body_1034.jpg,0.5027134758076462
water_body_1036.jpg,0.49481395797185274
water_body_1037.jpg,0.4707932341018081
water_body_1039.jpg,0.2270353302611367
water_body_104.jpg,0.44274787209569816
water_body_1041.jpg,0.34210526315789475
water_body_1043.jpg,0.5246235246235246
water_body_1044.jpg,0.4366444691083981
water_body_1045.jpg,0.38899601958915175
water_body_1046.jpg,0.13848144502118012
water_body_1047.jpg,0.7749395810955961
water_body_105.jpg,0.43030498281786944
water_body_1052.jpg,0.7673544680437924
water_body_1053.jpg,0.3365186330829283
water_body_1054.jpg,0.5144079583938075
water_body_1055.jpg,0.404102543814535
water_body_1056.jpg,0.2531144036561993
water_body_1057.jpg,0.1805618152580945
water_body_1058.jpg,0.16695714280832333
water_body_1059.jpg,0.31342263531984693
water_body_106.jpg,0.1510363782780715
water_body_1061.jpg,1.0
water_body_1062.jpg,0.37838509316770186
water_body_1063.jpg,0.17761022033334406
water_body_1064.jpg,0.35941973218408496
water_body_1065.jpg,0.6354031856645097
water_body_1068.jpg,0.36556196943972835
water_body_1069.jpg,0.3305145835643784
water_body_107.jpg,0.12677538856916326
water_body_1070.jpg,0.1982795365598481
water_body_1071.jpg,0.5912790697674418
water_body_1072.jpg,0.6076877726683174
water_body_1073.jpg,0.4226952980377638
water_body_1074.jpg,0.6128745443229305
water_body_1075.jpg,0.48434408895559045
water_body_1076.jpg,0.4396229338842975
water_body_1077.jpg,0.46871369983168576
water_body_1078.jpg,0.3972213096329085
water_body_1079.jpg,0.2477029459126646
water_body_1080.jpg,0.14877060367454067
water_body_1081.jpg,0.39988793948732315
water_body_1083.jpg,0.27947115384615384
water_body_1084.jpg,0.42891445164172437
water_body_1085.jpg,0.3328196881488418
water_body_1086.jpg,0.08449484787512956
water_body_1088.jpg,0.07712895377128953
water_body_1089.jpg,0.2619718309859155
water_body_1092.jpg,0.2288552321007081
water_body_1093.jpg,0.48098837209302325
water_body_1094.jpg,0.5305939809251068
water_body_1095.jpg,0.45884192384911965
water_body_1096.jpg,0.05120334738256673
water_body_1097.jpg,0.867271794265572
water_body_1098.jpg,0.3017768837482189
water_body_1099.jpg,0.4484455137440212
water_body_11.jpg,0.23393814357463708
water_body_1100.jpg,0.04636949726491274
water_body_1101.jpg,0.29959558823529414
water_body_1103.jpg,0.23961285862426546
water_body_1104.jpg,0.45116959064327483
water_body_1106.jpg,0.3717862950058072
water_body_1107.jpg,0.3245622628980727
water_body_1108.jpg,0.32733330175421976
water_body_1109.jpg,0.5836632140293303
water_body_1111.jpg,0.12205119625230049
water_body_1112.jpg,0.602883573631136
water_body_1113.jpg,0.7100957659149786
water_body_1114.jpg,0.301209358399578
water_body_1115.jpg,0.3406406585540444
water_body_1116.jpg,0.18137625490566667
water_body_1118.jpg,0.059723300970873784
water_body_1119.jpg,0.1723232053294902
water_body_1120.jpg,0.4439605244868647
water_body_1121.jpg,0.19540556766834138
water_body_1122.jpg,0.4824590655950912
water_body_1124.jpg,0.16311954119751657
water_body_1125.jpg,0.23730209240526115
water_body_1126.jpg,0.07187745483110762
water_body_1128.jpg,0.2348799493690914
water_body_1129.jpg,0.1273500225269457
water_body_113.jpg,0.26144950921070326
water_body_1130.jpg,0.20495523419675865
water_body_1131.jpg,0.534010170990566
water_body_1132.jpg,0.43371139833448996
water_body_1133.jpg,0.1830688542227004
water_body_1134.jpg,0.2718823692606464
water_body_1139.jpg,0.17138461538461539
water_body_114.jpg,0.5191374663072776
water_body_1143.jpg,0.1507547370379229
water_body_1145.jpg,0.49790624223712693
water_body_1148.jpg,0.02000369583294835
water_body_1149.jpg,0.2834999275677242
water_body_115.jpg,0.2547587428065516
water_body_1151.jpg,0.4259440813362382
water_body_1152.jpg,0.37190699034805497
water_body_1153.jpg,0.5928037031056569
water_body_1155.jpg,0.3630336460388399
water_body_1156.jpg,0.42098583345356994
water_body_1157.jpg,0.48982834416945287
water_body_1158.jpg,0.21635374149659864
water_body_1159.jpg,0.4702532850885546
water_body_116.jpg,0.7796193327630453
water_body_1160.jpg,0.4257020608733021
water_body_1161.jpg,0.38398520084566595
water_body_1167.jpg,0.08270370825215892
water_body_1168.jpg,0.4601283490172379
water_body_117.jpg,0.4171316048572366
water_body_1170.jpg,0.4156603141582779
water_body_1171.jpg,0.29637611749680715
water_body_1174.jpg,0.5589637915808066
water_body_1175.jpg,0.29243781094527366
water_body_1176.jpg,0.5734558823529412
water_body_1177.jpg,0.3746350300770394
water_body_1178.jpg,0.3775649406013755
water_body_1179.jpg,0.44796501339804845
water_body_118.jpg,0.6307809912090713
water_body_1180.jpg,0.3573762838468721
water_body_1181.jpg,0.4645846217274789
water_body_1183.jpg,0.19880487955910583
water_body_1184.jpg,0.3528811830698623
water_body_1189.jpg,0.32617326682276293
water_body_1190.jpg,0.5103777044371104
water_body_1191.jpg,0.3100720639567616
water_body_1192.jpg,0.21361027944111777
water_body_1194.jpg,0.8024439431227782
water_body_1195.jpg,0.45752871387100846
water_body_1196.jpg,0.6276649562766495
water_body_1197.jpg,0.26268693009118543
water_body_12.jpg,0.21192871940134445
water_body_120.jpg,0.3756521354228493
water_body_1201.jpg,0.3314228255404726
water_body_1203.jpg,0.33946439932905315
water_body_1204.jpg,0.5537836465210767
water_body_1206.jpg,0.2086060606060606
water_body_1207.jpg,0.09362457548626119
water_body_1208.jpg,0.1822494714587738
water_body_1209.jpg,0.20440646728658793
water_body_121.jpg,0.7464075484764543
water_body_1210.jpg,0.18147465437788018
water_body_1212.jpg,0.26194690265486725
water_body_1213.jpg,0.5599525128611001
water_body_1215.jpg,0.2739617586164901
water_body_1216.jpg,0.476896086558422
water_body_1218.jpg,0.17461348793815806
water_body_1219.jpg,0.4768955776217872
water_body_122.jpg,0.496216781496063
water_body_1220.jpg,0.401276944373817
water_body_1221.jpg,0.3012362637362637
water_body_1223.jpg,0.2913789428815004
water_body_1224.jpg,0.4997983870967742
water_body_1225.jpg,1.0
water_body_1226.jpg,1.0
water_body_1227.jpg,0.44605867466491705
water_body_1228.jpg,0.21048299534166928
water_body_1230.jpg,0.6063281546040167
water_body_1231.jpg,0.050451853208768396
water_body_1232.jpg,1.0
water_body_1233.jpg,0.15447847738590628
water_body_1235.jpg,0.6640757490107405
water_body_1236.jpg,0.34268358617180295
water_body_1237.jpg,0.1957550302993143
water_body_1238.jpg,0.2904073383084577
water_body_1239.jpg,0.26072972687967944
water_body_1241.jpg,0.18028169014084508
water_body_1242.jpg,0.2947443981533611
water_body_1243.jpg,0.2057298650219004
water_body_1244.jpg,1.0
water_body_1245.jpg,0.15910860256909304
water_body_1246.jpg,0.5526437847866419
water_body_1247.jpg,0.18552714646464646
water_body_1248.jpg,0.49681880153216906
water_body_1249.jpg,0.20743934537037986
water_body_1250.jpg,0.32924513372369046
water_body_1251.jpg,0.08261506514194686
water_body_1252.jpg,0.38452333466294375
water_body_1253.jpg,0.16735907461713914
water_body_1255.jpg,0.4375349749921034
water_body_1256.jpg,0.2603140803832845
water_body_1257.jpg,0.2975644841269841
water_body_1258.jpg,0.6609093952582402
water_body_1259.jpg,0.25892878053350193
water_body_1260.jpg,0.2816047471620227
water_body_1261.jpg,0.2958216924318619
water_body_1262.jpg,0.16722091680274007
water_body_1263.jpg,0.17326040610911125
water_body_1265.jpg,0.20440504969110931
water_body_1266.jpg,0.17465890850722313
water_body_1269.jpg,0.5121108263499037
water_body_1270.jpg,0.4211084506675689
water_body_1272.jpg,0.32110869038973616
water_body_1273.jpg,0.5441346606150755
water_body_1274.jpg,0.34936121845874063
water_body_1275.jpg,0.41895590385203824
water_body_1276.jpg,0.6636601307189542
water_body_1277.jpg,0.4684693441157031
water_body_1278.jpg,0.35580257236308194
water_body_1279.jpg,0.1221366070262505
water_body_1280.jpg,0.3299557419054274
water_body_1281.jpg,0.11555868823267547
water_body_1282.jpg,0.18799610082161258
water_body_1283.jpg,0.12264095822378031
water_body_1284.jpg,0.05642722117202269
water_body_1285.jpg,0.4593939393939394
water_body_1286.jpg,0.12315602221450885
water_body_1287.jpg,0.5567775974025974
water_body_1288.jpg,0.4281524926686217
water_body_1289.jpg,0.3021456488793172
water_body_1290.jpg,0.36900965641140804
water_body_1291.jpg,0.3331997251488777
water_body_1292.jpg,0.13557899784224406
water_body_1293.jpg,0.19115214830503433
water_body_1295.jpg,0.33971540218629726
water_body_1298.jpg,0.06706191174856024
water_body_13.jpg,0.18850337326173758
water_body_1303.jpg,0.1656029559959691
water_body_1304.jpg,0.47260335800686043
water_body_1305.jpg,0.4905232129697863
water_body_1307.jpg,0.4488858612051158
water_body_1310.jpg,0.5613854834215659
water_body_1311.jpg,0.2027695124742504
water_body_1312.jpg,0.10354598445595854
water_body_1313.jpg,0.2700595238095238
water_body_1315.jpg,0.24383861452088687
water_body_1317.jpg,0.4829192546583851
water_body_1318.jpg,0.38805220883534136
water_body_1319.jpg,0.1166116504854369
water_body_1323.jpg,0.5242966409927258
water_body_1324.jpg,0.10638879201384338
water_body_1325.jpg,0.40940806801903795
water_body_1326.jpg,0.28665901513909386
water_body_1327.jpg,0.44189522942935133
water_body_1329.jpg,0.37530396851262254
water_body_1330.jpg,0.7086498243265853
water_body_1333.jpg,1.0
water_body_1334.jpg,0.022221397833506455
water_body_1336.jpg,0.312370661986183
water_body_1337.jpg,0.38839011435479714
water_body_1338.jpg,0.4828451402927724
water_body_1339.jpg,0.18016311063514293
water_body_1342.jpg,1.0
water_body_1343.jpg,0.22902323580034423
water_body_1347.jpg,0.03025893025893026
water_body_1349.jpg,0.5724160436691587
water_body_1350.jpg,0.04693500441873544
water_body_1351.jpg,0.1962351850218911
water_body_1354.jpg,0.24840296699969724
water_body_1355.jpg,0.20467681126504655
water_body_1359.jpg,0.4462991718426501
water_body_1360.jpg,0.3177266240615499
water_body_1361.jpg,0.3572481158688055
water_body_1362.jpg,0.13228232023252876
water_body_1363.jpg,0.5769390198968313
water_body_1364.jpg,1.0
water_body_1365.jpg,0.37107347017176495
water_body_1366.jpg,0.19038940526091974
water_body_1367.jpg,0.35586206896551725
water_body_1368.jpg,0.020020325203252032
water_body_1369.jpg,0.035988642800889786
water_body_1370.jpg,1.0
water_body_1371.jpg,1.0
water_body_1373.jpg,0.12158935212370327
water_body_1376.jpg,0.020002105484787872
water_body_1378.jpg,0.443700547778454
water_body_1379.jpg,0.10587386038553057
water_body_1382.jpg,0.46805922792173454
water_body_1383.jpg,0.17174106770783246
water_body_1387.jpg,0.020013684570646596
water_body_1388.jpg,0.45722903481012656
water_body_1389.jpg,0.13274044795783926
water_body_1390.jpg,0.020053802885791148
water_body_1391.jpg,0.2088242302295412
water_body_1392.jpg,0.4211212516297262
water_body_1393.jpg,0.27950642800740866
water_body_1394.jpg,0.333097441480675
water_body_1395.jpg,0.14749198648531578
water_body_1396.jpg,0.11194692977080524
water_body_1397.jpg,1.0
water_body_1398.jpg,0.8739316239316239
water_body_1399.jpg,0.07958374602028162
water_body_14.jpg,0.26903160667592585
water_body_1400.jpg,0.10218635611200486
water_body_1401.jpg,0.06974426539643931
water_body_1403.jpg,0.1670512439743209
water_body_1404.jpg,0.20284312066339483
water_body_1406.jpg,0.03094562131469753
water_body_1408.jpg,0.5227484472049689
water_body_1410.jpg,0.3686506199854121
water_body_1411.jpg,0.3139502376292983
water_body_1415.jpg,0.047456560008284146
water_body_1416.jpg,0.6228544939737903
water_body_1417.jpg,0.14027722327577602
water_body_1418.jpg,0.658317993343374
water_body_1419.jpg,0.07136800099763063
water_body_1420.jpg,0.05971369487504208
water_body_1421.jpg,0.1608254441016913
water_body_1422.jpg,0.05718752147323576
water_body_1423.jpg,0.03253448678980594
water_body_1424.jpg,0.38290335038643636
water_body_1425.jpg,0.13925781305748938
water_body_1426.jpg,0.021781512605042016
water_body_1428.jpg,0.03382829072234007
water_body_1429.jpg,0.020015449317655136
water_body_1432.jpg,0.32231770786758
water_body_1433.jpg,0.14979085103532458
water_body_1434.jpg,0.3966834941904048
water_body_1435.jpg,0.20819758276405675
water_body_1436.jpg,0.02
water_body_1437.jpg,0.5230402615755493
water_body_1438.jpg,0.02
water_body_1439.jpg,0.02003484320557491
water_body_1441.jpg,0.03555206698063841
water_body_1442.jpg,0.2610387998297631
water_body_1443.jpg,0.19246625171772694
water_body_1444.jpg,0.21641656353135313
water_body_1445.jpg,0.020001509986235896
water_body_1447.jpg,0.026861797350519155
water_body_1448.jpg,0.03486535904255319
water_body_1449.jpg,0.03945992072230786
water_body_1450.jpg,0.8081221572449643
water_body_1451.jpg,0.1521637277451231
water_body_1452.jpg,0.020018990346573826
water_body_1453.jpg,0.020001541544627716
water_body_1454.jpg,0.6538220551378446
water_body_1455.jpg,0.18217326915957052
water_body_1456.jpg,0.12698412698412698
water_body_1459.jpg,0.047139737991266376
water_body_1460.jpg,0.12722754296715577
water_body_1461.jpg,0.5308385861326099
water_body_1462.jpg,0.2953622010680288
water_body_1463.jpg,0.2826210502386906
water_body_1464.jpg,0.0893514496323299
water_body_1465.jpg,0.7651674372985848
water_body_1466.jpg,0.04907161803713528
water_body_1467.jpg,0.21141496789165182
water_body_1468.jpg,0.6735009671179883
water_body_1469.jpg,0.4651332861523944
water_body_1470.jpg,0.16643342662934826
water_body_1471.jpg,0.1359771884402771
water_body_1475.jpg,0.1121955534587486
water_body_1476.jpg,0.38699711987383223
water_body_1477.jpg,0.5065930864282164
water_body_1478.jpg,0.33316454005687035
water_body_1479.jpg,0.2431548660795542
water_body_1480.jpg,0.8142361111111112
water_body_1481.jpg,0.19478637027642204
water_body_1482.jpg,0.13878745062139922
water_body_1483.jpg,0.5961639241169688
water_body_1484.jpg,0.36020408163265305
water_body_1485.jpg,0.4951003760792415
water_body_1488.jpg,0.5618525465300822
water_body_1489.jpg,0.4874421908699107
water_body_1491.jpg,0.16328257191201354
water_body_1492.jpg,0.2665719696969697
water_body_1494.jpg,0.27356503422854134
water_body_1496.jpg,0.1790366854213743
water_body_1497.jpg,0.4580479452054795
water_body_1498.jpg,0.17727412651993227
water_body_1499.jpg,0.20185450819672132
water_body_15.jpg,1.0
water_body_1500.jpg,0.5939345142243693
water_body_1501.jpg,0.5540626406502344
water_body_1502.jpg,0.3726843794717098
water_body_1503.jpg,0.27639746884910793
water_body_1505.jpg,0.3566608829766725
water_body_1506.jpg,0.49454282923514675
water_body_1507.jpg,0.39211429994840136
water_body_1508.jpg,0.8298110177865613
water_body_1509.jpg,0.3348103628133105
water_body_1510.jpg,0.35084176722460103
water_body_1511.jpg,0.3185165885009554
water_body_1512.jpg,0.03598014888337469
water_body_1513.jpg,0.44938219895287956
water_body_1514.jpg,0.3697804391217565
water_body_1515.jpg,0.11588235294117646
water_body_1516.jpg,0.14206744057490325
water_body_1518.jpg,0.8018284472145275
water_body_1519.jpg,0.46898922043430713
water_body_1520.jpg,0.024359097149059795
water_body_1522.jpg,0.07705802968960863
water_body_1524.jpg,0.253510999258477
water_body_1525.jpg,0.2514846962083143
water_body_1526.jpg,0.4798725921431822
water_body_1527.jpg,0.32542483660130717
water_body_1528.jpg,0.6016049185563718
water_body_1529.jpg,0.3551020408163265
water_body_1530.jpg,0.377350115870524
water_body_1531.jpg,0.27142163454355295
water_body_1532.jpg,0.3684210526315789
water_body_1533.jpg,0.4969091201027617
water_body_154.jpg,0.2619832075672229
water_body_1550.jpg,0.43783925332794316
water_body_1551.jpg,0.0811846342581987
water_body_1552.jpg,1.0
water_body_1553.jpg,1.0
water_body_1554.jpg,0.39720320085879807
water_body_1555.jpg,0.166860937127249
water_body_1557.jpg,0.3337626844941108
water_body_1558.jpg,0.07682599577133328
water_body_1559.jpg,0.2661253800866921
water_body_1560.jpg,0.16141409649652194
water_body_1561.jpg,0.07595976396741622
water_body_1562.jpg,1.0
water_body_1565.jpg,0.19735629535007546
water_body_1567.jpg,0.09738384313876701
water_body_1569.jpg,0.09284729233175985
water_body_157.jpg,0.5826032540675845
water_body_1571.jpg,0.1723591383213843
water_body_1572.jpg,0.14394845223860767
water_body_1575.jpg,0.6040249433106576
water_body_1576.jpg,0.47504010469436003
water_body_1577.jpg,0.30552183393246507
water_body_1578.jpg,0.5006609302905599
water_body_1579.jpg,0.4013905066977286
water_body_158.jpg,0.1626384078825423
water_body_1580.jpg,0.14907652536829974
water_body_1581.jpg,0.26423060295717987
water_body_1582.jpg,0.285149771973466
water_body_1583.jpg,0.5758326790046016
water_body_1584.jpg,0.2643533778584332
water_body_1585.jpg,0.4007093945514557
water_body_1586.jpg,0.17759474864564093
water_body_1587.jpg,0.4259316895482473
water_body_1588.jpg,0.09573597950554029
water_body_1589.jpg,0.19929515784607613
water_body_159.jpg,0.3310107682562664
water_body_1590.jpg,0.4297297297297297
water_body_1591.jpg,0.18856462179868969
water_body_1592.jpg,0.31299802778785013
water_body_1593.jpg,0.29614325068870523
water_body_1594.jpg,0.1533219950867598
water_body_1595.jpg,0.1885897216029269
water_body_1596.jpg,0.23407967432393137
water_body_1597.jpg,0.30930198437442685
water_body_1598.jpg,0.16727681570756722
water_body_1599.jpg,0.3379761904761905
water_body_16.jpg,0.717072500196371
water_body_160.jpg,0.26847195615155384
water_body_1600.jpg,0.6307290593004878
water_body_1601.jpg,0.3649656343709365
water_body_1602.jpg,0.47451790633608815
water_body_1603.jpg,0.5236446142823024
water_body_1604.jpg,0.07287037037037038
water_body_1605.jpg,0.2963305581251927
water_body_1606.jpg,1.0
water_body_1607.jpg,1.0
water_body_1609.jpg,0.4378338888635222
water_body_161.jpg,0.20676435473409815
water_body_1610.jpg,0.3585714285714286
water_body_1611.jpg,0.42485524938960584
water_body_1612.jpg,0.33978723986107695
water_body_1613.jpg,0.5904468883651915
water_body_1614.jpg,0.34019297452133274
water_body_1615.jpg,0.2100695894224078
water_body_1616.jpg,1.0
water_body_1617.jpg,0.5634727973725546
water_body_1618.jpg,0.3446226830341859
water_body_1619.jpg,1.0
water_body_162.jpg,0.23828971927959555
water_body_1620.jpg,0.2737162606978275
water_body_1621.jpg,1.0
water_body_1622.jpg,0.21731976463434263
water_body_1623.jpg,0.4036654757178775
water_body_1624.jpg,0.4860067498726439
water_body_1625.jpg,0.5988334742180896
water_body_1626.jpg,0.36628119293974437
water_body_1627.jpg,0.16340633361909956
water_body_1628.jpg,0.5190739662201515
water_body_1629.jpg,0.365401023890785
water_body_163.jpg,0.1645331767469172
water_body_1630.jpg,0.6931761521475889
water_body_1631.jpg,0.6036246091887022
water_body_1632.jpg,0.2912303664921466
water_body_1633.jpg,0.030763688760806915
water_body_1634.jpg,0.48713011915095084
water_body_1635.jpg,0.3457201503478794
water_body_1636.jpg,0.1287495310537562
water_body_1637.jpg,0.09417311497109704
water_body_1638.jpg,0.42286976401751464
water_body_1639.jpg,0.33597918022121015
water_body_164.jpg,0.316875
water_body_1640.jpg,0.12730567861457914
water_body_1641.jpg,0.22706149635978726
water_body_1642.jpg,0.16525253572030002
water_body_1643.jpg,0.03073193619017829
water_body_1644.jpg,0.7701417200543583
water_body_1645.jpg,0.23513791939752401
water_body_1646.jpg,0.020014593974773273
water_body_1647.jpg,0.20179173037757037
water_body_1649.jpg,0.08944142277475611
water_body_165.jpg,0.178399445187884
water_body_1650.jpg,0.3716691804927099
water_body_1651.jpg,0.03325366112755141
water_body_1652.jpg,0.5218887315248575
water_body_1653.jpg,0.3792514619883041
water_body_1654.jpg,0.7223948220064725
water_body_1655.jpg,0.3122427062824414
water_body_1656.jpg,0.22378618113912233
water_body_1657.jpg,0.10544871794871795
water_body_1658.jpg,0.48778935185185185
water_body_1659.jpg,1.0
water_body_166.jpg,0.42604931728123974
water_body_1660.jpg,0.23067909866192085
water_body_1661.jpg,1.0
water_body_1662.jpg,1.0
water_body_1663.jpg,0.11973509933774834
water_body_1664.jpg,0.20449559192909136
water_body_1665.jpg,0.32539965380307506
water_body_1666.jpg,0.3644819935142516
water_body_1667.jpg,0.04464105156723964
water_body_1668.jpg,0.057971014492753624
water_body_1669.jpg,0.26867535098135087
water_body_167.jpg,0.4280812324929972
water_body_1670.jpg,0.24889644981552594
water_body_1671.jpg,0.41160794941282747
water_body_1672.jpg,1.0
water_body_1674.jpg,0.05502917050489099
water_body_1675.jpg,0.09921929860795572
water_body_1676.jpg,1.0
water_body_1677.jpg,0.29435010499512226
water_body_1678.jpg,1.0
water_body_1679.jpg,0.20463482063200097
water_body_1680.jpg,0.5027383619616629
water_body_1681.jpg,0.2512767584726597
water_body_1682.jpg,0.09880514705882353
water_body_1683.jpg,0.317032967032967
water_body_1684.jpg,0.5072226421432771
water_body_1685.jpg,0.3338047138047138
water_body_1686.jpg,0.4379526300868534
water_body_1687.jpg,0.31885807758217793
water_body_1688.jpg,0.22934664061703114
water_body_1689.jpg,1.0
water_body_1690.jpg,0.15676906566138057
water_body_1691.jpg,0.20990493499231092
water_body_1692.jpg,0.5863210594315246
water_body_1693.jpg,0.1290446841294299
water_body_1694.jpg,0.28976658666329813
water_body_1695.jpg,0.3717029264536003
water_body_1696.jpg,0.350268973257479
water_body_1697.jpg,0.37878253998761396
water_body_1698.jpg,1.0
water_body_1699.jpg,0.03505178104017298
water_body_17.jpg,0.5313981983309114
water_body_170.jpg,0.4895756487500946
water_body_1700.jpg,0.24580900084255788
water_body_1701.jpg,0.1031789066463724
water_body_1702.jpg,0.2307987091569181
water_body_1703.jpg,0.09778783308195073
water_body_1704.jpg,0.03632183908045977
water_body_1705.jpg,0.2914423187077558
water_body_1706.jpg,0.15447022659178458
water_body_1707.jpg,0.02000121487224514
water_body_1708.jpg,0.39267781055391676
water_body_1709.jpg,0.052846049703712976
water_body_1710.jpg,0.23622835884962085
water_body_1711.jpg,0.16816610318415373
water_body_1712.jpg,0.2216982112064488
water_body_1713.jpg,0.34754191531685136
water_body_1714.jpg,1.0
water_body_1715.jpg,0.4392514619883041
water_body_1716.jpg,0.11529085813081905
water_body_1717.jpg,0.28017642083778926
water_body_1718.jpg,0.7507122507122507
water_body_1719.jpg,0.22425982905982905
water_body_1720.jpg,0.3308846393034826
water_body_1721.jpg,0.25685409111421625
water_body_1722.jpg,0.10890522875816994
water_body_1723.jpg,0.13150716887684605
water_body_1724.jpg,0.05530973451327434
water_body_1725.jpg,0.11664385724813138
water_body_1726.jpg,0.15647183767770304
water_body_1728.jpg,0.032068654019873535
water_body_1730.jpg,0.120825764392306
water_body_1731.jpg,0.46365385930463154
water_body_1732.jpg,0.6936122102882984
water_body_1733.jpg,0.32629107981220656
water_body_1734.jpg,0.4454226723802104
water_body_1735.jpg,0.16741813255434898
water_body_1736.jpg,0.4282881526104418
water_body_1737.jpg,0.2639833711262283
water_body_1738.jpg,0.2775648886163908
water_body_1739.jpg,0.24196875921013852
water_body_174.jpg,0.6632010081915564
water_body_1740.jpg,0.18178260916176203
water_body_1742.jpg,0.1052393857271906
water_body_1743.jpg,0.49177170868347336
water_body_1744.jpg,0.4452436688657161
water_body_1745.jpg,0.4079629010695187
water_body_1746.jpg,0.3942125237191651
water_body_1747.jpg,0.27933649289099527
water_body_1748.jpg,0.059807900432900435
water_body_1749.jpg,0.3509608332110899
water_body_175.jpg,0.1644345238095238
water_body_1750.jpg,0.14443117141991954
water_body_1751.jpg,0.24506430309350016
water_body_1752.jpg,0.0286414279881001
water_body_1753.jpg,0.28533261312170194
water_body_1754.jpg,0.18603620932862355
water_body_1755.jpg,0.3448846690562837
water_body_1756.jpg,0.40525072674418605
water_body_1757.jpg,0.15618203785743054
water_body_1758.jpg,0.34322329861216555
water_body_1759.jpg,0.4506132412479162
water_body_176.jpg,0.267260579064588
water_body_1760.jpg,0.10398293029871977
water_body_1761.jpg,0.3243317718379719
water_body_1762.jpg,0.5092547092547093
water_body_1763.jpg,0.40893126385809314
water_body_1764.jpg,0.23529126476721926
water_body_1765.jpg,0.1567024777390631
water_body_1766.jpg,0.2705564784053156
water_body_1767.jpg,0.6431663574520717
water_body_1768.jpg,0.4690134426976532
water_body_1769.jpg,0.703416149068323
water_body_177.jpg,0.45048156698650893
water_body_1770.jpg,0.6410416666666666
water_body_1771.jpg,0.3835051546391753
water_body_1772.jpg,0.5927619964692665
water_body_1773.jpg,0.4106382978723404
water_body_1774.jpg,0.5774101835099509
water_body_1775.jpg,0.10876636495878454
water_body_1776.jpg,0.04103708791208791
water_body_1777.jpg,0.029876373626373628
water_body_1778.jpg,0.16754098360655736
water_body_1779.jpg,0.8858778047301394
water_body_1780.jpg,0.03895131086142322
water_body_1781.jpg,0.7498009378041228
water_body_1782.jpg,0.12322854291417165
water_body_1783.jpg,0.2443582363492262
water_body_1784.jpg,0.020000620655412114
water_body_1785.jpg,1.0
water_body_1786.jpg,0.055497486266137076
water_body_1787.jpg,0.8651113467656416
water_body_1788.jpg,0.33979885057471265
water_body_1789.jpg,0.33640044166359956
water_body_1790.jpg,0.07242000423818605
water_body_1792.jpg,0.3434889434889435
water_body_1793.jpg,0.11038334252619966
water_body_1794.jpg,0.35993377483443706
water_body_1795.jpg,0.039611768274188656
water_body_1796.jpg,0.18226571767497035
water_body_1797.jpg,0.0461357625624449
water_body_1798.jpg,0.1428294722144177
water_body_1799.jpg,0.04459770776939469
water_body_18.jpg,0.7318940243707482
water_body_1800.jpg,0.2881111111111111
water_body_1801.jpg,0.032489848222606844
water_body_1802.jpg,0.18902725563909775
water_body_1803.jpg,0.41659125188536955
water_body_1804.jpg,0.27267333781592373
water_body_1805.jpg,0.4011684518013632
water_body_1806.jpg,0.2639195128170514
water_body_1807.jpg,0.23498470948012232
water_body_1808.jpg,0.5264293419633226
water_body_1809.jpg,0.39627002889414237
water_body_1810.jpg,0.4230697674418605
water_body_1811.jpg,0.3095657483736114
water_body_1812.jpg,0.03802475033061509
water_body_1813.jpg,0.41813817932453284
water_body_1814.jpg,0.27457984155332693
water_body_1815.jpg,0.3278572868373312
water_body_1816.jpg,0.2344225117206171
water_body_1817.jpg,0.30746096009253904
water_body_1818.jpg,0.4289402334079925
water_body_1819.jpg,0.2891369047619048
water_body_182.jpg,0.6453282828282828
water_body_1820.jpg,0.25454037873970564
water_body_1822.jpg,0.033835204348675256
water_body_1823.jpg,0.029081382207559448
water_body_1824.jpg,0.36446886446886445
water_body_1825.jpg,0.26961431010398884
water_body_1826.jpg,0.5828947368421052
water_body_1827.jpg,0.4516745114468075
water_body_1828.jpg,0.5094476744186046
water_body_1829.jpg,0.33516483516483514
water_body_183.jpg,0.5252004581901489
water_body_1830.jpg,0.8782049278270471
water_body_1831.jpg,0.6364045618247299
water_body_1832.jpg,0.2615752012515411
water_body_1833.jpg,0.23602200747117102
water_body_1834.jpg,0.3976432854553061
water_body_1835.jpg,0.07697947214076246
water_body_1836.jpg,0.03233576592598649
water_body_1837.jpg,0.041410638626144664
water_body_1838.jpg,0.030047512204681874
water_body_1839.jpg,0.02149239403874419
water_body_1840.jpg,0.09195402298850575
water_body_1842.jpg,0.12295081967213115
water_body_1843.jpg,0.11678832116788321
water_body_1844.jpg,0.14482758620689656
water_body_1845.jpg,0.06263425664217072
water_body_1846.jpg,1.0
water_body_1847.jpg,0.18461396550133752
water_body_1848.jpg,0.7768342391304348
water_body_1849.jpg,0.18220058293587704
water_body_185.jpg,0.6642173615857826
water_body_186.jpg,0.5386211634438585
water_body_187.jpg,0.23921151888337058
water_body_189.jpg,0.19150501344576423
water_body_19.jpg,0.394502599706621
water_body_190.jpg,0.2646008515227938
water_body_2.jpg,0.19740252518169993
water_body_20.jpg,0.5232029156047836
water_body_21.jpg,0.49926793655007634
water_body_2169.jpg,1.0
water_body_2170.jpg,0.06385301749046558
water_body_2171.jpg,0.109753274444106
water_body_2172.jpg,0.08981651453047335
water_body_2173.jpg,0.060399441640717276
water_body_2174.jpg,0.21243632004794727
water_body_2175.jpg,0.4625683453865772
water_body_2176.jpg,1.0
water_body_2177.jpg,0.04639898788900334
water_body_2178.jpg,0.04916632494053965
water_body_2179.jpg,0.2019671546331333
water_body_2180.jpg,0.13967676153106445
water_body_2181.jpg,1.0
water_body_2182.jpg,0.3318217154703291
water_body_2183.jpg,0.0908062168380523
water_body_2184.jpg,0.029637687931861653
water_body_2185.jpg,0.543218954248366
water_body_2188.jpg,0.10199818960749339
water_body_2189.jpg,0.26338440716385625
water_body_2190.jpg,1.0
water_body_2193.jpg,0.2495644599303136
water_body_2194.jpg,0.3372292043620715
water_body_2195.jpg,0.36039729501267964
water_body_2196.jpg,0.30643363264308837
water_body_2197.jpg,0.6337534104196441
water_body_2198.jpg,0.16622660301431536
water_body_2199.jpg,0.1472161704187848
water_body_22.jpg,0.6140314288083589
water_body_2200.jpg,0.3101743869209809
water_body_2201.jpg,0.229151388161341
water_body_2202.jpg,0.38389299943084804
water_body_2203.jpg,0.3060870181405896
water_body_2204.jpg,0.41669674294009607
water_body_2205.jpg,0.25083379415220847
water_body_2206.jpg,0.14221760496476682
water_body_2207.jpg,0.22945581278168126
water_body_2208.jpg,1.0
water_body_2209.jpg,0.345679012345679
water_body_2210.jpg,0.2260830772281154
water_body_2211.jpg,0.2633519950235493
water_body_2212.jpg,0.31565126050420167
water_body_2213.jpg,0.2329845399698341
water_body_2214.jpg,0.1713512991403458
water_body_2215.jpg,0.23445953790781376
water_body_2216.jpg,0.41017628205128204
water_body_2217.jpg,0.33790849673202616
water_body_2218.jpg,0.26262626262626265
water_body_2219.jpg,0.2946396542091799
water_body_2220.jpg,0.04356204823794772
water_body_2221.jpg,0.48561139666222475
water_body_2223.jpg,0.29784933317313467
water_body_2224.jpg,0.15875651041666666
water_body_2225.jpg,0.135467077885504
water_body_2226.jpg,0.18466824856733524
water_body_2227.jpg,0.24081217666935797
water_body_2228.jpg,0.13456659189528253
water_body_2229.jpg,0.21702748633072264
water_body_2230.jpg,0.14777026387969355
water_body_2231.jpg,0.20439861702870712
water_body_2233.jpg,0.25379060810425536
water_body_2234.jpg,0.34202546998180716
water_body_2235.jpg,0.15288255521260974
water_body_2236.jpg,0.26066320395056675
water_body_2237.jpg,0.1411597001055585
water_body_2240.jpg,0.32276132465168383
water_body_2241.jpg,0.2565853103487512
water_body_2242.jpg,0.16246111656843484
water_body_2244.jpg,0.1145634423467404
water_body_2246.jpg,0.21916223096505438
water_body_2247.jpg,0.5763940367350301
water_body_2248.jpg,0.15102114385768728
water_body_2249.jpg,0.3561272688037979
water_body_2250.jpg,0.08137317228226319
water_body_2251.jpg,0.2232423329771042
water_body_2253.jpg,0.1339419978517723
water_body_2254.jpg,0.07690341203272237
water_body_2255.jpg,1.0
water_body_2257.jpg,0.16966558791801511
water_body_2258.jpg,0.08174321929944119
water_body_2259.jpg,0.08376359108303469
water_body_2261.jpg,0.07932179494314281
water_body_2262.jpg,0.052646438229962254
water_body_2263.jpg,1.0
water_body_2264.jpg,0.09669287451962064
water_body_2266.jpg,0.13528178567024293
water_body_2267.jpg,0.20938833570412518
water_body_2268.jpg,0.08656716417910448
water_body_2270.jpg,0.054287025302626406
water_body_2273.jpg,0.19259159964253797
water_body_2274.jpg,0.8001628001628002
water_body_2275.jpg,0.1868324831349537
water_body_2276.jpg,0.21168918041952456
water_body_2277.jpg,0.15546550938691348
water_body_2278.jpg,0.1825237670825906
water_body_2281.jpg,0.2582985090027344
water_body_2282.jpg,0.2576663518502619
water_body_2283.jpg,0.2761295590636908
water_body_2285.jpg,0.12165883275793377
water_body_2286.jpg,0.3498858447488584
water_body_2287.jpg,0.3517937752435258
water_body_2288.jpg,0.20614062997136492
water_body_2289.jpg,0.24863436123348018
water_body_2290.jpg,0.28384795476632213
water_body_2291.jpg,0.0941139631726202
water_body_2292.jpg,0.17154427380992798
water_body_2293.jpg,0.08470596219756354
water_body_2294.jpg,0.19157371794871794
water_body_2295.jpg,0.054693299411702215
water_body_2296.jpg,0.1400190317130484
water_body_2297.jpg,0.5537360042653667
water_body_2298.jpg,0.028797085437710437
water_body_2299.jpg,1.0
water_body_23.jpg,0.2169760841571879
water_body_2300.jpg,0.09807816835319541
water_body_2301.jpg,0.16073140848071596
water_body_2302.jpg,0.22899110939311945
water_body_2304.jpg,0.23941310998247647
water_body_2306.jpg,0.2593129139072848
water_body_2307.jpg,0.0704245553643144
water_body_2309.jpg,0.2955288688637768
water_body_2311.jpg,0.12770566362203298
water_body_2312.jpg,1.0
water_body_2313.jpg,0.021817886178861788
water_body_2314.jpg,0.07828260571518107
water_body_2315.jpg,0.07369318932686185
water_body_2316.jpg,1.0
water_body_2318.jpg,0.2665545841636097
water_body_2319.jpg,0.32102058214590184
water_body_232.jpg,0.7299177680585128
water_body_2320.jpg,0.15499385934796184
water_body_2325.jpg,1.0
water_body_233.jpg,0.267127540671441
water_body_2330.jpg,0.3587709407216495
water_body_2332.jpg,0.4362830190333412
water_body_2333.jpg,1.0
water_body_2334.jpg,0.07907677937189199
water_body_2337.jpg,1.0
water_body_2340.jpg,1.0
water_body_2346.jpg,0.245074837771467
water_body_2349.jpg,0.2875375005232631
water_body_2350.jpg,0.30252480799418235
water_body_2351.jpg,0.02000327922610264
water_body_2352.jpg,1.0
water_body_2353.jpg,0.18168912396694215
water_body_2355.jpg,0.07325313587708843
water_body_2358.jpg,1.0
water_body_2359.jpg,0.23721271705822267
water_body_2361.jpg,1.0
water_body_2363.jpg,0.08270755126193524
water_body_2364.jpg,1.0
water_body_2365.jpg,0.4404381334215207
water_body_2366.jpg,0.3471592999804536
water_body_2367.jpg,0.4980833599103297
water_body_2370.jpg,1.0
water_body_2372.jpg,0.34782515991471213
water_body_2373.jpg,0.1483102293498419
water_body_2374.jpg,0.21470838007569643
water_body_2375.jpg,0.1817591432152216
water_body_2383.jpg,0.2372430956894964
water_body_2384.jpg,0.14752586594691858
water_body_2385.jpg,0.31598173515981737
water_body_2386.jpg,0.6146967662455924
water_body_2387.jpg,0.27021680952565647
water_body_2388.jpg,0.4231297043290223
water_body_2390.jpg,0.2828134719630321
water_body_2391.jpg,0.29561765985210964
water_body_2392.jpg,0.7451111111111111
water_body_2393.jpg,0.33200339558573855
water_body_2395.jpg,0.38151762643041714
water_body_2396.jpg,0.442741935483871
water_body_2397.jpg,0.5968215811965812
water_body_2398.jpg,0.24158001867609566
water_body_2399.jpg,0.15641530018513622
water_body_24.jpg,1.0
water_body_2400.jpg,0.5747517730496454
water_body_2402.jpg,0.29722145709957304
water_body_2403.jpg,0.2907697783772645
water_body_2404.jpg,0.05005318278514155
water_body_2405.jpg,0.33136510542245934
water_body_2406.jpg,0.21167142797996108
water_body_2407.jpg,0.08407407407407408
water_body_2412.jpg,0.17426303854875283
water_body_2415.jpg,0.5145313006055776
water_body_2419.jpg,1.0
water_body_2421.jpg,0.632340369566647
water_body_2423.jpg,0.08407420921326249
water_body_2425.jpg,0.33745874587458746
water_body_2426.jpg,0.40172985485485485
water_body_2427.jpg,0.1663076923076923
water_body_2428.jpg,0.38603921568627453
water_body_2429.jpg,0.46255688282138796
water_body_2430.jpg,0.020001140749472405
water_body_2431.jpg,0.02000018015745762
water_body_2432.jpg,0.06640727693359272
water_body_2435.jpg,0.32256320691949436
water_body_2437.jpg,0.20156273329020058
water_body_2439.jpg,0.8273758865248227
water_body_2440.jpg,0.22398591847903795
water_body_2442.jpg,0.8082205756013746
water_body_2443.jpg,0.05727243278263686
water_body_2444.jpg,0.19731663685152057
water_body_2445.jpg,0.2466640502354788
water_body_2448.jpg,0.1933443554522975
water_body_2449.jpg,0.5236605870618409
water_body_2450.jpg,0.5888839007084433
water_body_2456.jpg,0.1871131087847064
water_body_2460.jpg,0.2979409575787646
water_body_2461.jpg,1.0
water_body_2462.jpg,0.21122994652406418
water_body_2464.jpg,0.24988579259936045
water_body_2465.jpg,0.3273788042824492
water_body_2466.jpg,0.209389494121454
water_body_2468.jpg,1.0
water_body_2470.jpg,0.11350105627040523
water_body_2471.jpg,0.06070472601126362
water_body_2472.jpg,0.020585373156673404
water_body_2474.jpg,0.020001078515962036
water_body_2475.jpg,0.31563501602564104
water_body_2479.jpg,1.0
water_body_2482.jpg,0.35972305839855506
water_body_2488.jpg,0.05896931237162862
water_body_2489.jpg,0.3513902205177373
water_body_2490.jpg,1.0
water_body_2491.jpg,0.09620537067345578
water_body_2492.jpg,0.11448849379883863
water_body_2493.jpg,0.05840425935159186
water_body_2495.jpg,0.19295058139534885
water_body_2496.jpg,0.11121894142748985
water_body_2498.jpg,0.09191690991243152
water_body_2500.jpg,0.13516167162357964
water_body_2501.jpg,0.16766541822721598
water_body_2502.jpg,0.1311027353479248
water_body_2503.jpg,0.08037876079591157
water_body_2504.jpg,0.040620738463484594
water_body_2505.jpg,0.06848152371963769
water_body_2506.jpg,0.1472246396004389
water_body_2508.jpg,0.10648859956164743
water_body_2509.jpg,0.05725383371886359
water_body_2512.jpg,0.0369133160067268
water_body_2513.jpg,0.09745066409371184
water_body_2514.jpg,0.07046635281929399
water_body_2515.jpg,0.18333619489813438
water_body_2516.jpg,0.11151700862017262
water_body_2518.jpg,0.07978170366056213
water_body_2519.jpg,0.05161960725484528
water_body_2520.jpg,0.172322375397667
water_body_2521.jpg,0.052109471094710945
water_body_2522.jpg,0.15002003130666072
water_body_2524.jpg,0.03337124460851947
water_body_2525.jpg,0.262896727221319
water_body_2526.jpg,0.05403201133083867
water_body_2527.jpg,0.10563693829874948
water_body_2528.jpg,0.06420799277942135
water_body_2529.jpg,0.11734858663634955
water_body_2530.jpg,0.11463269178639197
water_body_2531.jpg,0.10370385370891638
water_body_2532.jpg,0.13240017519526973
water_body_2533.jpg,0.06969833549955977
water_body_2534.jpg,0.04172715779495322
water_body_2535.jpg,0.05675255640421682
water_body_2536.jpg,0.04235142517491402
water_body_2537.jpg,0.06528227344251585
water_body_2538.jpg,0.11132885641927273
water_body_2539.jpg,0.060254151015726336
water_body_2540.jpg,0.13060343428441587
water_body_2541.jpg,0.13434654538825402
water_body_2542.jpg,0.09286908399146826
water_body_2544.jpg,0.06537288763500612
water_body_2545.jpg,0.2896201349992819
water_body_2546.jpg,0.6686856028961292
water_body_2549.jpg,0.21457751304622846
water_body_2550.jpg,0.09500979697336057
water_body_2551.jpg,0.2772063702720637
water_body_2552.jpg,0.17228130360205832
water_body_2553.jpg,0.081494654108762
water_body_2554.jpg,0.43869395711500975
water_body_2555.jpg,0.0551830025514236
water_body_2556.jpg,0.15335648148148148
water_body_2557.jpg,0.24919240211913685
water_body_2558.jpg,0.13703033956198513
water_body_2559.jpg,0.12165851438971675
water_body_2560.jpg,0.19128732256485562
water_body_2561.jpg,0.13256439830834293
water_body_2562.jpg,0.13146853146853146
water_body_2564.jpg,0.38758169934640524
water_body_2566.jpg,0.28058007566204285
water_body_2567.jpg,0.5065808638542412
water_body_2568.jpg,0.13867580482897385
water_body_2636.jpg,0.07550659184531983
water_body_27.jpg,0.23031343645611108
water_body_29.jpg,0.1386255963658966
water_body_3.jpg,0.19741157044614896
water_body_34.jpg,0.44877430908841115
water_body_37.jpg,0.3978071421805437
water_body_38.jpg,0.5028282863705704
water_body_39.jpg,0.5057328605200946
water_body_4.jpg,0.7544378698224852
water_body_40.jpg,0.7624097007223942
water_body_41.jpg,0.39023158502272565
water_body_42.jpg,0.5004616805170822
water_body_43.jpg,0.5425619834710744
water_body_44.jpg,0.4328567831265051
water_body_46.jpg,0.5862894010845754
water_body_5.jpg,0.23190016219283105
water_body_51.jpg,0.1450159330117337
water_body_54.jpg,0.5078335053319574
water_body_55.jpg,0.8440016956337432
water_body_57.jpg,0.4724467759813477
water_body_59.jpg,1.0
water_body_590.jpg,0.07895190342937329
water_body_595.jpg,0.2449792243767313
water_body_596.jpg,1.0
water_body_598.jpg,1.0
water_body_599.jpg,1.0
water_body_6.jpg,0.25937330523280655
water_body_601.jpg,1.0
water_body_605.jpg,1.0
water_body_606.jpg,0.8870749404375136
water_body_607.jpg,0.7206387530379548
water_body_608.jpg,1.0
water_body_610.jpg,0.3198813408755107
water_body_611.jpg,1.0
water_body_613.jpg,0.4877292136064066
water_body_615.jpg,0.3706312781165599
water_body_619.jpg,0.08936579203430434
water_body_620.jpg,0.30773211736113754
water_body_621.jpg,1.0
water_body_624.jpg,1.0
water_body_625.jpg,0.22696767958767314
water_body_626.jpg,0.40203753152351285
water_body_627.jpg,0.08470929586060476
water_body_628.jpg,0.15422519011598976
water_body_631.jpg,0.5756953581335322
water_body_634.jpg,1.0
water_body_635.jpg,0.2411947983164131
water_body_636.jpg,1.0
water_body_6366.jpg,0.10031342219481029
water_body_6367.jpg,0.36583691737872237
water_body_6368.jpg,0.10359301491193804
water_body_6369.jpg,0.23851598613251154
water_body_637.jpg,0.023177529793471343
water_body_6370.jpg,0.1663061802018893
water_body_6371.jpg,0.23325734549138805
water_body_6372.jpg,0.12444524265644956
water_body_6373.jpg,0.11569899304559304
water_body_6374.jpg,0.7846630926101125
water_body_6375.jpg,0.08720481738618008
water_body_6376.jpg,0.04565722818510285
water_body_6377.jpg,0.13701866945392682
water_body_6378.jpg,0.14802250824767743
water_body_6379.jpg,1.0
water_body_638.jpg,0.6582946727428637
water_body_6381.jpg,0.1852103776390128
water_body_6382.jpg,0.13794151559903395
water_body_6383.jpg,0.14985179909613158
water_body_6384.jpg,0.12118569284725368
water_body_6385.jpg,0.12347557733077136
water_body_6386.jpg,0.15159820250862288
water_body_6387.jpg,0.16572177378584396
water_body_6389.jpg,1.0
water_body_639.jpg,0.08206891126942636
water_body_6390.jpg,0.4105243512183575
water_body_6396.jpg,0.27265993265993266
water_body_6397.jpg,0.4501915708812261
water_body_6398.jpg,0.40958104694713005
water_body_6399.jpg,0.6091594703511802
water_body_64.jpg,0.72703125
water_body_640.jpg,0.3699512505931897
water_body_6400.jpg,0.4930901050304035
water_body_6402.jpg,0.6116375441225104
water_body_6403.jpg,0.02000057883135514
water_body_6404.jpg,0.569905667612547
water_body_6405.jpg,0.32140820066623244
water_body_6406.jpg,0.5060961842402348
water_body_6408.jpg,0.16529120997206104
water_body_6409.jpg,0.7117728531855956
water_body_6412.jpg,0.43159786258098076
water_body_6413.jpg,0.11895013084771679
water_body_6414.jpg,0.1474497627974533
water_body_6418.jpg,0.5307187955318116
water_body_642.jpg,0.033956267872125474
water_body_6421.jpg,0.16547730076115408
water_body_6424.jpg,0.14054064117362328
water_body_6425.jpg,0.05961242193496375
water_body_6426.jpg,0.2804969526488514
water_body_6435.jpg,0.049526590984031275
water_body_644.jpg,0.247410254090002
water_body_645.jpg,0.41527910535011975
water_body_646.jpg,0.4876113335354854
water_body_647.jpg,0.14937271091691834
water_body_65.jpg,1.0
water_body_650.jpg,0.08266585249342988
water_body_651.jpg,0.746813339698077
water_body_653.jpg,0.1038821117019428
water_body_654.jpg,0.1731926746494205
water_body_656.jpg,0.45798320770591167
water_body_657.jpg,0.34283112582781455
water_body_658.jpg,0.6802606177606177
water_body_659.jpg,0.45746147607461474
water_body_660.jpg,0.6571799239699035
water_body_661.jpg,0.8013486422453071
water_body_664.jpg,0.15752720186217722
water_body_665.jpg,1.0
water_body_667.jpg,0.11153156230257512
water_body_668.jpg,0.13051276177850993
water_body_669.jpg,0.11462384683777989
water_body_670.jpg,0.1889147409101664
water_body_672.jpg,0.2484712756644701
water_body_673.jpg,0.24864047492369298
water_body_675.jpg,0.43669467787114846
water_body_676.jpg,0.1656660832756726
water_body_677.jpg,0.14933621117906024
water_body_678.jpg,1.0
water_body_68.jpg,0.1892616487455197
water_body_680.jpg,0.7014474886815313
water_body_681.jpg,0.15391564102768626
water_body_682.jpg,0.3904579456303594
water_body_683.jpg,0.5257064364207221
water_body_684.jpg,0.7882042042042042
water_body_685.jpg,0.20214678510998307
water_body_686.jpg,0.4032330097087379
water_body_687.jpg,0.47159554304749873
water_body_688.jpg,0.6152202230725393
water_body_689.jpg,0.46062790697674416
water_body_69.jpg,0.22255915093963213
water_body_690.jpg,0.11148454004225082
water_body_691.jpg,1.0
water_body_692.jpg,0.40040650406504064
water_body_693.jpg,0.14937313089487003
water_body_694.jpg,0.12392673008311321
water_body_695.jpg,0.1948427672955975
water_body_696.jpg,0.8510311853279098
water_body_697.jpg,0.6750813211021807
water_body_698.jpg,0.25925925925925924
water_body_699.jpg,0.3414253393665158
water_body_7.jpg,0.6231506041850869
water_body_70.jpg,0.7613038625776397
water_body_700.jpg,0.6538546559823155
water_body_701.jpg,0.4309531712444334
water_body_7028.jpg,0.4372733243852986
water_body_7029.jpg,0.2778955242488468
water_body_703.jpg,1.0
water_body_7032.jpg,0.319126791385338
water_body_7034.jpg,0.09874718468468469
water_body_7035.jpg,0.10196384536768774
water_body_7036.jpg,0.2061776718856365
water_body_7037.jpg,0.10150073265381705
water_body_7038.jpg,0.0830716149865086
water_body_704.jpg,0.28119810825013136
water_body_7040.jpg,0.1291168449758758
water_body_7041.jpg,0.3208766862046723
water_body_7042.jpg,0.3187885917033705
water_body_7044.jpg,0.09044316339398306
water_body_7045.jpg,0.246402088316869
water_body_7046.jpg,0.19381778112857392
water_body_7047.jpg,0.15546522131887985
water_body_7048.jpg,0.38812892745693156
water_body_7049.jpg,0.15176949269216114
water_body_705.jpg,0.29221998658618376
water_body_7050.jpg,0.21782511210762331
water_body_7051.jpg,0.22804659498207885
water_body_7052.jpg,1.0
water_body_7053.jpg,0.18932442196531793
water_body_7054.jpg,1.0
water_body_7055.jpg,0.13387978142076504
water_body_7056.jpg,1.0
water_body_7057.jpg,0.39702436016034537
water_body_7058.jpg,0.6766991488836808
water_body_7059.jpg,0.3989391401451703
water_body_706.jpg,0.6444903581267217
water_body_7060.jpg,0.3304761904761905
water_body_7061.jpg,0.15288957688338492
water_body_7062.jpg,0.22839506172839505
water_body_7063.jpg,0.15839715536105034
water_body_7064.jpg,0.22200862378727992
water_body_7065.jpg,0.1913888636570079
water_body_7066.jpg,0.11613042539408334
water_body_7067.jpg,0.2127591706539075
water_body_7068.jpg,0.4027087785518026
water_body_707.jpg,0.24715271390504806
water_body_7070.jpg,0.805625
water_body_7071.jpg,0.24565550728341426
water_body_7072.jpg,0.3931706224809673
water_body_7075.jpg,0.24550552358550007
water_body_7076.jpg,0.11138320224614641
water_body_7077.jpg,0.07151152542021381
water_body_7079.jpg,0.10313178610206297
water_body_708.jpg,0.2958062803707787
water_body_7082.jpg,0.5472696732481855
water_body_7084.jpg,0.22342325695984233
water_body_7086.jpg,0.41407225269529035
water_body_7087.jpg,0.20701588948088076
water_body_7088.jpg,0.18054883945841393
water_body_7089.jpg,0.13008622360007752
water_body_709.jpg,0.30222185823988296
water_body_7090.jpg,0.255939942728891
water_body_7091.jpg,0.1699833316324795
water_body_7092.jpg,0.05223408585653004
water_body_7093.jpg,0.3648725534820209
water_body_7094.jpg,0.16591134861096837
water_body_7095.jpg,0.10625069700011151
water_body_7096.jpg,1.0
water_body_7097.jpg,0.3022894497698824
water_body_7098.jpg,0.0815354713313897
water_body_7099.jpg,0.40847125106896726
water_body_71.jpg,0.7244330931073625
water_body_710.jpg,0.36944027986006994
water_body_7100.jpg,0.18562651769482888
water_body_711.jpg,0.550350197141859
water_body_712.jpg,0.46948209504685406
water_body_713.jpg,0.3760311259992504
water_body_7131.jpg,0.020000058888653333
water_body_7132.jpg,0.09600554859523534
water_body_7133.jpg,0.6778787878787879
water_body_7135.jpg,0.304567921351366
water_body_7136.jpg,0.16872089606220897
water_body_7137.jpg,0.29021048059076726
water_body_7138.jpg,0.426651638633605
water_body_7139.jpg,0.2807679158448389
water_body_714.jpg,0.3680945438754304
water_body_7140.jpg,0.47402540052638087
water_body_7142.jpg,1.0
water_body_7143.jpg,0.07790317522073302
water_body_7144.jpg,0.07261915928824578
water_body_7145.jpg,0.3509701527996407
water_body_7146.jpg,0.11472623903102212
water_body_7147.jpg,0.18288092563221428
water_body_7148.jpg,0.60518866167542
water_body_7149.jpg,0.10060459572962813
water_body_715.jpg,0.41274538964901847
water_body_7150.jpg,0.16898224909091425
water_body_7151.jpg,0.24531635272884414
water_body_7152.jpg,0.2596004266856305
water_body_7153.jpg,0.17986904600577097
water_body_7154.jpg,0.2180422131037627
water_body_7156.jpg,0.13119268185089736
water_body_7157.jpg,0.18940948305341423
water_body_7158.jpg,0.13783469322720973
water_body_7159.jpg,0.4158095238095238
water_body_716.jpg,0.41541980935674705
water_body_7160.jpg,0.11355261801690374
water_body_7161.jpg,0.38400900900900903
water_body_7162.jpg,0.23983358724950193
water_body_7163.jpg,0.30974568045039796
water_body_7164.jpg,0.35070506286102615
water_body_7165.jpg,0.11834028806030421
water_body_7166.jpg,0.4808239729189106
water_body_7167.jpg,0.628535568604599
water_body_7168.jpg,0.25664668483197095
water_body_7169.jpg,0.027883523010384072
water_body_717.jpg,0.2807839114101655
water_body_7170.jpg,0.11346239167916253
water_body_7171.jpg,0.32079027520939846
water_body_7172.jpg,0.1882372889567134
water_body_7173.jpg,0.7211826113079071
water_body_7174.jpg,0.25136758669254416
water_body_7175.jpg,0.5163626415600773
water_body_7176.jpg,0.13545442430703625
water_body_7177.jpg,0.14135911370445964
water_body_7178.jpg,0.1722648104532021
water_body_7179.jpg,0.12263525111104925
water_body_718.jpg,0.5081412016113068
water_body_7180.jpg,0.12345291715051844
water_body_7181.jpg,0.20570106645823608
water_body_7182.jpg,0.26221872059393764
water_body_7183.jpg,0.1748120573903103
water_body_7184.jpg,0.0775021912220056
water_body_7185.jpg,0.5146589211787187
water_body_7186.jpg,0.120726880172724
water_body_7187.jpg,0.13017584365787793
water_body_7188.jpg,0.10938675126608068
water_body_7189.jpg,0.1888829619092777
water_body_719.jpg,0.22134854825712874
water_body_7190.jpg,0.1983084840944475
water_body_7191.jpg,0.0908315392459977
water_body_7192.jpg,0.3362678062678063
water_body_7193.jpg,0.38533142951287824
water_body_7194.jpg,0.029351871830833962
water_body_7195.jpg,0.2169945688007778
water_body_7196.jpg,0.3154366682452856
water_body_7197.jpg,0.3209056049555099
water_body_7198.jpg,0.020000254391432097
water_body_7199.jpg,0.09365992773921163
water_body_72.jpg,0.4115213251219865
water_body_720.jpg,0.6009161704076958
water_body_7200.jpg,0.42787212787212786
water_body_7202.jpg,1.0
water_body_7203.jpg,0.3591736885023104
water_body_7204.jpg,0.17039058502473137
water_body_7205.jpg,0.15726282521586998
water_body_7206.jpg,0.1949359422315397
water_body_7207.jpg,0.42774358420616926
water_body_7208.jpg,0.10072365165759525
water_body_7209.jpg,0.2268328753530265
water_body_721.jpg,0.4790834559596384
water_body_7210.jpg,0.3733862733976177
water_body_7211.jpg,0.11704851073621837
water_body_7212.jpg,0.5933127914723517
water_body_7213.jpg,0.43002655509410076
water_body_7214.jpg,0.1948185809263944
water_body_7215.jpg,1.0
water_body_7216.jpg,0.3391619870410367
water_body_7217.jpg,0.3084688346883469
water_body_7218.jpg,0.07962606362843365
water_body_7219.jpg,0.0952522137887413
water_body_722.jpg,0.4622025872025872
water_body_7220.jpg,0.18141321710273778
water_body_7221.jpg,0.4869422414483698
water_body_7222.jpg,0.3395132985856042
water_body_7223.jpg,0.4551500154655119
water_body_7224.jpg,0.34983042528138436
water_body_7225.jpg,0.2914259679526855
water_body_7226.jpg,0.1710866452438613
water_body_7227.jpg,0.3595959448511433
water_body_7228.jpg,0.17109304426377597
water_body_723.jpg,0.3838145411421274
water_body_7230.jpg,0.22679958916538856
water_body_7231.jpg,0.3390744433366567
water_body_7232.jpg,0.12362884195768292
water_body_7234.jpg,0.5301027419671488
water_body_7235.jpg,0.0637139654192584
water_body_7236.jpg,1.0
water_body_7237.jpg,0.3830409356725146
water_body_7238.jpg,0.31100385159182875
water_body_7239.jpg,0.2039342713500017
water_body_7240.jpg,0.1485091549057434
water_body_7241.jpg,0.24218542207021385
water_body_7242.jpg,0.5394177911044478
water_body_7243.jpg,0.29506392544373156
water_body_7244.jpg,0.12141133754258386
water_body_7245.jpg,0.8109127289518239
water_body_7246.jpg,0.33523853102312795
water_body_7247.jpg,0.6024413826444284
water_body_7248.jpg,0.30661721647472184
water_body_7249.jpg,0.0892884700636855
water_body_725.jpg,0.23439689500478855
water_body_7250.jpg,0.18492733774632886
water_body_7251.jpg,0.34235666128043685
water_body_7252.jpg,0.09116544209253283
water_body_7253.jpg,0.24589564639415087
water_body_7254.jpg,0.2832081210094866
water_body_7255.jpg,0.20077094777501622
water_body_7256.jpg,0.23445246427529892
water_body_7257.jpg,0.20518564623534621
water_body_7258.jpg,0.44661210957029707
water_body_7259.jpg,0.8073740118577075
water_body_7260.jpg,0.1663120725732367
water_body_7261.jpg,0.3675735360057394
water_body_7262.jpg,0.17453124563380806
water_body_7263.jpg,0.18625465165575392
water_body_7265.jpg,0.23735337153946096
water_body_7266.jpg,0.20311389343356662
water_body_7267.jpg,0.4013917358938397
water_body_7268.jpg,0.12904792010610025
water_body_727.jpg,0.4468031243246581
water_body_7270.jpg,0.4514909480878907
water_body_7271.jpg,0.419356658897266
water_body_7272.jpg,0.3059957739038563
water_body_7273.jpg,0.6038559107052258
water_body_7274.jpg,0.039582636333221816
water_body_7275.jpg,0.15371378809869377
water_body_7276.jpg,0.3058894907908992
water_body_7277.jpg,0.020000170356300202
water_body_7278.jpg,0.3281547241597971
water_body_7279.jpg,0.20495797538273605
water_body_728.jpg,0.18016436391851046
water_body_7280.jpg,0.10145810543223895
water_body_7281.jpg,0.3012355447352404
water_body_7282.jpg,0.2122693888335458
water_body_7283.jpg,0.38382585156778704
water_body_7284.jpg,0.13013649602606506
water_body_7285.jpg,0.11402812528810304
water_body_7286.jpg,0.33005815355124746
water_body_7287.jpg,0.4124211401225143
water_body_7288.jpg,0.3289268936567929
water_body_7289.jpg,0.3471857582369712
water_body_7290.jpg,0.07847025304034162
water_body_7292.jpg,1.0
water_body_7294.jpg,0.23939608322346206
water_body_7295.jpg,0.5608597728162945
water_body_7296.jpg,0.4430170544935994
water_body_7297.jpg,0.2664385724813138
water_body_7298.jpg,1.0
water_body_7299.jpg,0.6981600029949087
water_body_730.jpg,0.29324912721139135
water_body_7300.jpg,0.5825135064996343
water_body_7304.jpg,0.9143518518518519
water_body_7305.jpg,0.25828414435166525
water_body_7306.jpg,0.33571197515688683
water_body_7307.jpg,0.140225687128342
water_body_7308.jpg,0.14858122521439104
water_body_7309.jpg,0.4206525377446576
water_body_731.jpg,0.5651727677044133
water_body_7310.jpg,0.3219697829511561
water_body_7312.jpg,0.20503703703703705
water_body_7313.jpg,0.12094888725849841
water_body_7314.jpg,0.21297533504992058
water_body_7315.jpg,0.026904550263432133
water_body_7316.jpg,0.39238555248646134
water_body_7317.jpg,0.20317865427013201
water_body_7318.jpg,0.13237599749647944
water_body_7319.jpg,0.0973536797372996
water_body_732.jpg,0.5965049511759043
water_body_7320.jpg,0.20019703282214224
water_body_7321.jpg,0.41620870716139713
water_body_7323.jpg,0.3618800135577901
water_body_7324.jpg,0.500193742129226
water_body_7325.jpg,0.2772142178105362
water_body_7326.jpg,0.39032581453634085
water_body_7327.jpg,0.24240179393745245
water_body_7328.jpg,0.1864833312486226
water_body_733.jpg,0.4452257725772577
water_body_7330.jpg,0.18575311271899217
water_body_7331.jpg,0.24135745207173778
water_body_7332.jpg,0.028979889290310576
water_body_7333.jpg,0.16181465066480752
water_body_7334.jpg,0.22030539311241065
water_body_7335.jpg,0.221644290329273
water_body_7337.jpg,0.11123704663212436
water_body_7338.jpg,0.09927447552447552
water_body_734.jpg,0.5466867469879518
water_body_7340.jpg,0.2316289554628576
water_body_7341.jpg,0.020000176769567352
water_body_7342.jpg,0.5396641105950967
water_body_7344.jpg,0.22427127858800452
water_body_7345.jpg,0.1645098369735353
water_body_7346.jpg,0.19171097602470152
water_body_7347.jpg,0.3501025052990027
water_body_7348.jpg,0.06685371973260788
water_body_7349.jpg,0.5400396104544953
water_body_735.jpg,0.035130970724191066
water_body_7351.jpg,0.24862852664576804
water_body_7352.jpg,0.12303577605376291
water_body_7353.jpg,0.08477117986088305
water_body_7354.jpg,0.2379001204557572
water_body_7355.jpg,0.24286185612361327
water_body_7356.jpg,0.05637227060456897
water_body_7357.jpg,1.0
water_body_7358.jpg,0.2883750358467144
water_body_7360.jpg,0.1350234253347205
water_body_7361.jpg,0.14750555975880963
water_body_7362.jpg,0.26958879021845106
water_body_7363.jpg,0.19777357556110847
water_body_7364.jpg,0.14665870180223842
water_body_7365.jpg,0.19642835773464684
water_body_7366.jpg,0.3838320864505403
water_body_7367.jpg,0.4027863097849934
water_body_7368.jpg,0.21108704038935217
water_body_7369.jpg,0.37181940316736556
water_body_737.jpg,0.35602298850574715
water_body_7370.jpg,0.15015814593435814
water_body_7371.jpg,0.07328749214190741
water_body_7372.jpg,0.1252295126455345
water_body_7373.jpg,0.15136616492146596
water_body_7374.jpg,0.26706192115674876
water_body_7375.jpg,0.11053425162964858
water_body_7376.jpg,0.172865857049122
water_body_7377.jpg,0.20089385705360197
water_body_7378.jpg,0.37772772805541555
water_body_7379.jpg,0.17374505928853756
water_body_738.jpg,0.4841747311827957
water_body_7380.jpg,0.51935
water_body_7381.jpg,0.30190826153773664
water_body_7383.jpg,0.24315443592552027
water_body_7384.jpg,0.049485420405829136
water_body_7385.jpg,0.20260396576846754
water_body_7386.jpg,0.17103508320636365
water_body_7388.jpg,0.06112739790394084
water_body_7389.jpg,0.769727428816712
water_body_739.jpg,0.2621162537011064
water_body_7390.jpg,0.1399834048847361
water_body_7391.jpg,0.20851739905448347
water_body_7392.jpg,0.16928588631984587
water_body_7393.jpg,0.4667173830353747
water_body_7395.jpg,0.07874815191581433
water_body_7396.jpg,0.3136521941026236
water_body_7397.jpg,0.2680083275503123
water_body_7398.jpg,0.07669350638945639
water_body_7399.jpg,0.19156412982935844
water_body_7400.jpg,0.07425164943118727
water_body_7401.jpg,0.3305446194225722
water_body_7403.jpg,0.1632052016349483
water_body_7404.jpg,0.11452031615789351
water_body_7406.jpg,0.25307427447122477
water_body_7407.jpg,0.13464569707805957
water_body_7408.jpg,0.30633171323021113
water_body_7409.jpg,0.07371966459059204
water_body_741.jpg,0.2492130750605327
water_body_7410.jpg,0.2601873536299766
water_body_7411.jpg,0.13445900603955316
water_body_7412.jpg,0.13250243670489323
water_body_7413.jpg,0.175793934112666
water_body_7415.jpg,0.2108668264357908
water_body_7416.jpg,0.3736470588235294
water_body_7417.jpg,0.3530957249767138
water_body_7418.jpg,0.20339459607735563
water_body_7419.jpg,0.337516938941897
water_body_742.jpg,0.1410145122443241
water_body_7420.jpg,0.09057519920318725
water_body_7421.jpg,0.3887488074144746
water_body_7422.jpg,0.06739370381824043
water_body_7423.jpg,0.5804311774461028
water_body_7424.jpg,0.45739668505507874
water_body_7425.jpg,0.027861952861952862
water_body_7426.jpg,0.6414730598121602
water_body_7427.jpg,0.14198244178021732
water_body_7428.jpg,0.2908177913715012
water_body_7429.jpg,0.4291307058940238
water_body_743.jpg,0.07443920957609933
water_body_7430.jpg,0.5694175183915712
water_body_7431.jpg,0.3077169902133804
water_body_7432.jpg,0.19061004052812586
water_body_7433.jpg,0.577028084846402
water_body_7434.jpg,0.42515087982936645
water_body_7435.jpg,0.1813889365227859
water_body_7436.jpg,0.27813426561047927
water_body_7437.jpg,0.020000218587910592
water_body_7438.jpg,1.0
water_body_7439.jpg,0.16563488757846126
water_body_744.jpg,0.5317107063901463
water_body_7444.jpg,0.5745662951792355
water_body_7446.jpg,0.09683787249448843
water_body_7451.jpg,0.23238393452961495
water_body_7475.jpg,0.09986385807831084
water_body_748.jpg,0.3558589543164843
water_body_7480.jpg,0.7124434389140272
water_body_7482.jpg,0.020000838506176583
water_body_7485.jpg,0.6496515583845478
water_body_7486.jpg,0.45888278388278386
water_body_7488.jpg,0.5016210489785108
water_body_7489.jpg,0.02000266258403781
water_body_7499.jpg,0.3491435405015652
water_body_7502.jpg,0.033542976939203356
water_body_7503.jpg,0.5349530420579829
water_body_7505.jpg,0.7058969927410992
water_body_7506.jpg,0.4979613611248714
water_body_7508.jpg,0.24891739425575243
water_body_7509.jpg,0.24800550995810136
water_body_751.jpg,0.25471085120207926
water_body_7510.jpg,0.03865546218487395
water_body_7511.jpg,0.19789453351361794
water_body_7512.jpg,0.16888544891640866
water_body_7513.jpg,0.5893440497796215
water_body_7515.jpg,0.4449697097034002
water_body_7516.jpg,0.23926246763617007
water_body_7517.jpg,0.14928985507246376
water_body_7518.jpg,0.34255070616969313
water_body_7519.jpg,0.07395924520960996
water_body_752.jpg,0.4191310801552866
water_body_7523.jpg,0.10694109951535694
water_body_7524.jpg,0.2434687953555878
water_body_7525.jpg,0.2052088985349973
water_body_7529.jpg,0.027577937649880094
water_body_753.jpg,0.32723093737945225
water_body_7531.jpg,0.3683239015859908
water_body_7535.jpg,0.42100846895367444
water_body_7536.jpg,0.3367011630602255
water_body_7537.jpg,0.2834177541208791
water_body_7538.jpg,0.18215185185185184
water_body_7539.jpg,0.22145068778234608
water_body_754.jpg,1.0
water_body_7540.jpg,0.56929114743486
water_body_7543.jpg,0.06049811587376354
water_body_7544.jpg,0.10965215525462521
water_body_7545.jpg,0.4394016697588126
water_body_7547.jpg,0.12750727499480358
water_body_7549.jpg,0.23365529929693146
water_body_7550.jpg,0.10215741568654424
water_body_7551.jpg,0.08155520211643544
water_body_7552.jpg,0.02855239364233368
water_body_7553.jpg,0.528405253283302
water_body_7555.jpg,0.6427757195782274
water_body_7557.jpg,0.4169380440348182
water_body_7559.jpg,0.419917234278473
water_body_756.jpg,0.2534341203351104
water_body_7560.jpg,0.4911149825783972
water_body_7561.jpg,0.09885572726200306
water_body_7562.jpg,0.12605476948180974
water_body_7563.jpg,0.17954074361963984
water_body_7564.jpg,0.15617545001084362
water_body_7565.jpg,0.03226930582659604
water_body_7566.jpg,0.18500051403310372
water_body_7568.jpg,0.1510220864661654
water_body_7569.jpg,0.3051314673452078
water_body_7570.jpg,0.5200162156683896
water_body_7571.jpg,0.40519607843137256
water_body_7572.jpg,0.20193261284170375
water_body_7573.jpg,0.41783135176693487
water_body_7575.jpg,1.0
water_body_7576.jpg,0.2449341438703141
water_body_7578.jpg,0.33418442949960103
water_body_7579.jpg,0.31655389041377385
water_body_7580.jpg,0.18286819353860154
water_body_7581.jpg,0.3249525616698292
water_body_7582.jpg,0.10312499132948778
water_body_7583.jpg,0.15908386696963436
water_body_7584.jpg,0.14279858702810747
water_body_7586.jpg,0.09785379633457351
water_body_7587.jpg,0.19196463577197523
water_body_7588.jpg,0.045608668848105466
water_body_759.jpg,0.6129420204236644
water_body_7590.jpg,1.0
water_body_7591.jpg,0.41111925708699903
water_body_7592.jpg,0.02000434247665919
water_body_7593.jpg,0.07678970836865574
water_body_7594.jpg,0.16789735532862005
water_body_7595.jpg,0.48807974113884034
water_body_7596.jpg,0.3062950476633341
water_body_7597.jpg,0.2159235668789809
water_body_7598.jpg,0.035407682873758756
water_body_7599.jpg,0.05645767256448181
water_body_76.jpg,0.48919485159093185
water_body_760.jpg,0.28140311102714277
water_body_7600.jpg,0.1444506045054347
water_body_7601.jpg,0.057202881152460985
water_body_7602.jpg,0.13296997434297206
water_body_7603.jpg,0.042066525699414443
water_body_7604.jpg,0.5585806687030269
water_body_7607.jpg,0.021593815391769355
water_body_7608.jpg,0.38882211538461536
water_body_7609.jpg,0.48414909638554215
water_body_7610.jpg,0.10004888609539772
water_body_7611.jpg,0.13790781484360776
water_body_7613.jpg,0.05021958592368676
water_body_7614.jpg,0.527483017360032
water_body_7615.jpg,0.16495963753549664
water_body_7616.jpg,0.02
water_body_7617.jpg,0.09786983410228722
water_body_7618.jpg,0.6815126050420168
water_body_7619.jpg,0.5234705882352941
water_body_7620.jpg,0.19506172839506172
water_body_7621.jpg,0.4017011935793662
water_body_7622.jpg,0.08297032619467834
water_body_7623.jpg,0.37735881075210426
water_body_7624.jpg,0.37345227000399417
water_body_7625.jpg,0.3681898887954397
water_body_7626.jpg,0.24432107323986396
water_body_7627.jpg,0.3274224988995787
water_body_7628.jpg,0.7756521739130435
water_body_7629.jpg,0.27621726201139335
water_body_7631.jpg,0.20866096866096867
water_body_7632.jpg,0.13759136517251316
water_body_7633.jpg,0.6507163452201323
water_body_7634.jpg,0.30708626799264904
water_body_7636.jpg,0.3552845218696147
water_body_7637.jpg,0.7309523809523809
water_body_7638.jpg,0.8196013971645778
water_body_7639.jpg,0.44456035767511176
water_body_764.jpg,0.12168417846809806
water_body_7641.jpg,0.2695603004265467
water_body_7642.jpg,0.4783263094521373
water_body_7646.jpg,0.020061728395061727
water_body_7647.jpg,0.20116699083078632
water_body_7648.jpg,0.22752546643209312
water_body_765.jpg,0.07900880147861754
water_body_7651.jpg,0.12901632766443408
water_body_7652.jpg,0.124877672387835
water_body_7658.jpg,0.47710622710622713
water_body_7659.jpg,0.12486801497232725
water_body_7661.jpg,0.5922721162142097
water_body_7664.jpg,0.24595574311529514
water_body_7665.jpg,0.15817290062339567
water_body_7666.jpg,0.3104987684729064
water_body_767.jpg,0.1844775022956841
water_body_7673.jpg,0.4276358519159991
water_body_7674.jpg,0.3034909554747237
water_body_7676.jpg,0.12211489006043462
water_body_7677.jpg,0.4058487394957983
water_body_7678.jpg,0.5623623853211009
water_body_768.jpg,0.06696464342948719
water_body_7680.jpg,1.0
water_body_7681.jpg,0.12946482513050792
water_body_7682.jpg,0.11897594139635233
water_body_7683.jpg,0.5563550420168067
water_body_7684.jpg,0.02
water_body_7685.jpg,0.020527950310559005
water_body_7686.jpg,0.5979895390650539
water_body_7687.jpg,0.02004485562097
water_body_7688.jpg,0.5041829109811566
water_body_7689.jpg,0.020001747831596427
water_body_769.jpg,0.2601018890611651
water_body_7690.jpg,0.23550035518687412
water_body_7691.jpg,1.0
water_body_7692.jpg,0.4715351762331628
water_body_7693.jpg,0.38123890860692106
water_body_7694.jpg,0.2752031665966092
water_body_7695.jpg,0.32028782028782027
water_body_7696.jpg,0.033478728827961254
water_body_7697.jpg,0.03615051968742888
water_body_7698.jpg,0.03141590612777054
water_body_7699.jpg,0.4512250618901995
water_body_77.jpg,0.9284972299168975
water_body_770.jpg,0.3604735007811561
water_body_7701.jpg,0.0925781548574486
water_body_7702.jpg,0.10251318766193572
water_body_7703.jpg,0.2159914978744686
water_body_7704.jpg,0.2914031052328925
water_body_7705.jpg,0.03250933088115973
water_body_7706.jpg,0.3249815770081061
water_body_7707.jpg,0.14194410091516202
water_body_7708.jpg,0.18150969443215964
water_body_7709.jpg,0.17645595948634474
water_body_771.jpg,0.24469566832257764
water_body_7711.jpg,0.17455696202531645
water_body_7712.jpg,0.5782608695652174
water_body_7713.jpg,0.11660441954559601
water_body_7714.jpg,0.4746255583778576
water_body_7715.jpg,0.3009923428973772
water_body_7716.jpg,0.3203592814371258
water_body_7717.jpg,0.6810179257362355
water_body_7718.jpg,0.5899058449498655
water_body_7719.jpg,0.08265367445054946
water_body_772.jpg,0.3210676428314768
water_body_7720.jpg,0.031004709576138146
water_body_7721.jpg,0.870460201628211
water_body_7722.jpg,0.4630103759601132
water_body_7723.jpg,0.8848958333333333
water_body_7724.jpg,0.8369311357266782
water_body_7725.jpg,0.2519144988749852
water_body_7726.jpg,0.759484011627907
water_body_7727.jpg,0.5742432895488292
water_body_7728.jpg,0.48577135326579357
water_body_7729.jpg,0.37087472527472526
water_body_773.jpg,0.6950413727204343
water_body_7731.jpg,0.974151156395635
water_body_7732.jpg,0.06211924821775761
water_body_7733.jpg,0.31315205660151096
water_body_7734.jpg,0.2821859621859622
water_body_7735.jpg,0.7471296232125119
water_body_7737.jpg,0.14970947705870566
water_body_7738.jpg,0.18030486748657543
water_body_7739.jpg,0.21103339994290607
water_body_774.jpg,0.4294063228105441
water_body_7740.jpg,0.2106832298136646
water_body_7741.jpg,0.020001267507446605
water_body_7743.jpg,0.16808391159600497
water_body_7744.jpg,0.38347029885972644
water_body_7745.jpg,0.3957185078680406
water_body_7746.jpg,0.7056158607697138
water_body_7748.jpg,0.1848235294117647
water_body_7749.jpg,0.020002027891305025
water_body_775.jpg,0.60026525198939
water_body_7750.jpg,0.020000937360860498
water_body_7753.jpg,0.024470776194914126
water_body_7754.jpg,0.029168570123343993
water_body_7755.jpg,0.0257418524206183
water_body_7756.jpg,0.4205491350399305
water_body_7757.jpg,0.335070695147249
water_body_7758.jpg,0.4275050929462694
water_body_7759.jpg,0.46216507765280707
water_body_7762.jpg,0.60013143483023
water_body_7763.jpg,0.6994026161293645
water_body_7764.jpg,1.0
water_body_7766.jpg,0.3792920353982301
water_body_7767.jpg,0.6650025822000344
water_body_7768.jpg,0.17573717329209887
water_body_7769.jpg,0.364063487411505
water_body_777.jpg,0.3580718954248366
water_body_7770.jpg,0.6057819449453059
water_body_7771.jpg,0.6079350969152643
water_body_7773.jpg,0.4555965117324463
water_body_7774.jpg,0.7507249979285774
water_body_7775.jpg,0.41864116471595775
water_body_7776.jpg,0.1568672903386042
water_body_7777.jpg,0.6603553062178588
water_body_7778.jpg,0.27516768384796664
water_body_7779.jpg,0.2630098452883263
water_body_778.jpg,1.0
water_body_7780.jpg,0.2464271314009229
water_body_7781.jpg,0.035540013012361746
water_body_7782.jpg,0.032164195809012176
water_body_7783.jpg,0.5627948113207547
water_body_7785.jpg,1.0
water_body_7786.jpg,0.6068184646012194
water_body_7789.jpg,0.03370314710042433
water_body_779.jpg,0.295519678402386
water_body_7791.jpg,0.02491968301563504
water_body_7793.jpg,0.039511494252873564
water_body_7795.jpg,0.021078956770275097
water_body_7796.jpg,0.3125662778366914
water_body_7797.jpg,0.46750586447285825
water_body_7799.jpg,0.6343655913978494
water_body_78.jpg,0.38080776672194583
water_body_7801.jpg,0.0417076368403802
water_body_7802.jpg,0.32220320397956725
water_body_7803.jpg,0.475256947087933
water_body_7805.jpg,0.1138101664417454
water_body_7807.jpg,0.40959942259112236
water_body_7808.jpg,0.4956543540030085
water_body_7809.jpg,0.5495845795945496
water_body_781.jpg,0.2876779875540555
water_body_7810.jpg,0.4958056346945236
water_body_7811.jpg,0.42964774951076323
water_body_7813.jpg,0.19128205128205128
water_body_7815.jpg,0.1741237153686843
water_body_7816.jpg,0.4132757444873835
water_body_7817.jpg,0.3756687140875768
water_body_7818.jpg,0.5949057504175614
water_body_7819.jpg,0.4915458937198068
water_body_782.jpg,0.2401764690989189
water_body_7820.jpg,0.17895496180146858
water_body_7821.jpg,0.689247311827957
water_body_7822.jpg,0.4918
water_body_7823.jpg,0.5571428571428572
water_body_7824.jpg,0.2294300897929265
water_body_7825.jpg,0.3108870137888454
water_body_7826.jpg,0.32708821233411395
water_body_7827.jpg,0.4197878328642563
water_body_7828.jpg,0.5320362473347549
water_body_783.jpg,0.45594238659298436
water_body_7830.jpg,0.6189307851239669
water_body_7831.jpg,0.22466920152091255
water_body_7832.jpg,0.4075973409306743
water_body_7833.jpg,0.2568936472048588
water_body_7834.jpg,0.023878112796876
water_body_7835.jpg,0.2206029313790806
water_body_7836.jpg,0.0483147444539772
water_body_7837.jpg,0.3946681668307471
water_body_7838.jpg,0.2957177957177957
water_body_7839.jpg,0.29238552563882697
water_body_784.jpg,0.19356904337267106
water_body_7841.jpg,0.45189761694616065
water_body_7842.jpg,0.026203208556149733
water_body_7843.jpg,0.3518356643356643
water_body_7844.jpg,0.044678940278401434
water_body_7845.jpg,0.22647073908806484
water_body_7846.jpg,0.13660037878787878
water_body_7847.jpg,0.16175710594315246
water_body_7848.jpg,0.040185062789160605
water_body_7849.jpg,0.5186373817403804
water_body_785.jpg,0.7401515151515151
water_body_7851.jpg,0.4993587916785409
water_body_7852.jpg,0.48040638606676345
water_body_7854.jpg,0.558226168605838
water_body_7855.jpg,0.3930477127907579
water_body_7856.jpg,0.4292701863354037
water_body_7858.jpg,0.3316985028394424
water_body_7859.jpg,0.5677771503858461
water_body_786.jpg,0.16455281185829407
water_body_7860.jpg,0.2704285714285714
water_body_7861.jpg,0.36360415682569674
water_body_7862.jpg,0.03296622071106512
water_body_7864.jpg,0.24251834932847136
water_body_7866.jpg,0.28452730773127977
water_body_7868.jpg,1.0
water_body_7869.jpg,0.5080134702887777
water_body_7870.jpg,0.19637326937090113
water_body_7871.jpg,0.48716625378475087
water_body_7873.jpg,0.23342429710486315
water_body_7874.jpg,0.8388364779874213
water_body_7875.jpg,0.19976120629791816
water_body_7876.jpg,0.38263157894736843
water_body_788.jpg,0.3105702068892253
water_body_7881.jpg,0.3914261697954609
water_body_7882.jpg,0.8582895955541834
water_body_7883.jpg,0.5774726814233679
water_body_7884.jpg,0.02
water_body_7885.jpg,0.6367304804804805
water_body_7886.jpg,0.07442296490461628
water_body_7887.jpg,0.727947695035461
water_body_7888.jpg,0.6299344819218636
water_body_789.jpg,0.46747016769872696
water_body_7890.jpg,0.028048996982069946
water_body_7891.jpg,0.020001653029175965
water_body_7892.jpg,1.0
water_body_7895.jpg,0.0231353591160221
water_body_7899.jpg,0.05353055716872203
water_body_790.jpg,0.3218575418994413
water_body_7901.jpg,0.2036524500907441
water_body_7903.jpg,0.36535303776683087
water_body_7904.jpg,0.14821109123434706
water_body_7906.jpg,0.27800130800727935
water_body_7907.jpg,0.1308680197225089
water_body_7908.jpg,0.45507246376811594
water_body_7909.jpg,0.5163773796192609
water_body_791.jpg,0.5936514849842376
water_body_7910.jpg,0.4980047885075818
water_body_7912.jpg,0.3079649455004491
water_body_7914.jpg,0.49751369574378423
water_body_7915.jpg,0.2877148590873397
water_body_7916.jpg,0.6835046673756351
water_body_7917.jpg,0.8644916745634222
water_body_7918.jpg,0.21216407355021216
water_body_7919.jpg,0.2588919288645691
water_body_792.jpg,0.44316131360519667
water_body_7920.jpg,0.31993620414673046
water_body_7921.jpg,0.46479021716213365
water_body_7922.jpg,0.22541176470588234
water_body_7925.jpg,0.8251643192488263
water_body_7926.jpg,0.48148148148148145
water_body_7927.jpg,0.06598555345871022
water_body_7928.jpg,0.060834949474328874
water_body_7929.jpg,0.47493430361835454
water_body_793.jpg,0.020019452099205706
water_body_7930.jpg,0.4789167254763585
water_body_7931.jpg,0.8192620387742339
water_body_7932.jpg,0.39781343678363607
water_body_7934.jpg,0.02654867256637168
water_body_7935.jpg,0.09581097455426692
water_body_7936.jpg,0.1637347225005009
water_body_7937.jpg,0.2542404473438956
water_body_7938.jpg,0.5634420389147712
water_body_7939.jpg,0.05658536585365854
water_body_794.jpg,0.020005560610656153
water_body_7940.jpg,0.0628401781296388
water_body_7941.jpg,0.5435418318794607
water_body_7943.jpg,0.32945301542777
water_body_7944.jpg,0.5788111772486773
water_body_7946.jpg,0.4304858934169279
water_body_7947.jpg,0.2891141788898476
water_body_7948.jpg,0.04312558356676004
water_body_7949.jpg,0.05888810475966439
water_body_795.jpg,0.2934176401735099
water_body_7951.jpg,0.6564516129032258
water_body_7952.jpg,0.5405034597947984
water_body_7953.jpg,0.40910075839653304
water_body_7954.jpg,0.5354676710608914
water_body_7955.jpg,0.35086401202103684
water_body_7956.jpg,0.5918367346938775
water_body_7957.jpg,0.06788952139995784
water_body_7958.jpg,0.5389300847457628
water_body_796.jpg,0.23851559068950373
water_body_7960.jpg,0.5046213476446034
water_body_7961.jpg,0.053154495777446596
water_body_7962.jpg,0.506728651822853
water_body_7963.jpg,0.25791274593669805
water_body_7964.jpg,0.7465790914066777
water_body_7965.jpg,0.25455436283461763
water_body_7966.jpg,0.13216011042098
water_body_7968.jpg,0.3346750585480094
water_body_7969.jpg,0.3152244632400781
water_body_797.jpg,0.31550713186676094
water_body_7970.jpg,0.05721830985915493
water_body_7971.jpg,0.30853761622992393
water_body_7975.jpg,0.3263716814159292
water_body_7976.jpg,0.1740909090909091
water_body_7977.jpg,0.17810871183916605
water_body_7978.jpg,0.6120014245014245
water_body_7979.jpg,0.20445716622367613
water_body_798.jpg,0.16207491512216843
water_body_7981.jpg,0.38470478847047884
water_body_7987.jpg,0.1880952380952381
water_body_7988.jpg,0.044984802431610946
water_body_799.jpg,0.46253968253968253
water_body_7990.jpg,0.6293736937908717
water_body_7991.jpg,0.22107783349143967
water_body_7992.jpg,0.26232075564038565
water_body_7993.jpg,0.45801439069197797
water_body_7994.jpg,0.27001287001287
water_body_7995.jpg,0.4512879659382874
water_body_7998.jpg,0.6903356643356643
water_body_7999.jpg,0.6516537244751223
water_body_8.jpg,0.17259374751727974
water_body_80.jpg,0.4017464723571594
water_body_800.jpg,0.1097745483501717
water_body_8001.jpg,0.3534766118836915
water_body_8002.jpg,0.468761009982384
water_body_8003.jpg,0.04261913986826811
water_body_8004.jpg,0.2883716136850705
water_body_8005.jpg,0.16460668774552073
water_body_8009.jpg,0.8973354231974922
water_body_801.jpg,0.48507782378980435
water_body_8011.jpg,0.2601060649387787
water_body_8012.jpg,0.16108420769437717
water_body_8013.jpg,0.3507025761124122
water_body_8014.jpg,0.041237113402061855
water_body_8016.jpg,0.24494117335662577
water_body_8017.jpg,0.4513106242877042
water_body_8018.jpg,0.19222477064220184
water_body_8019.jpg,0.3423805763916305
water_body_802.jpg,0.06078621003527136
water_body_8020.jpg,0.5482587064676617
water_body_8021.jpg,0.6020047169811321
water_body_8022.jpg,0.20992474395971256
water_body_8023.jpg,0.31421887481456123
water_body_8024.jpg,0.6796269023073147
water_body_8025.jpg,0.26229606645981385
water_body_8026.jpg,0.44810817694156596
water_body_8027.jpg,1.0
water_body_8028.jpg,0.020008349236641222
water_body_803.jpg,0.3395509839620563
water_body_8030.jpg,0.4586699529873568
water_body_8033.jpg,0.33119254231463185
water_body_8034.jpg,0.16023278668386462
water_body_8035.jpg,0.6226814821220114
water_body_8037.jpg,0.04772710082444596
water_body_8038.jpg,0.3916714864083285
water_body_8039.jpg,0.6915566037735849
water_body_804.jpg,0.23928730135218063
water_body_8040.jpg,0.5793010752688172
water_body_8041.jpg,0.7285522003745318
water_body_8042.jpg,0.19980479643056331
water_body_8043.jpg,0.2813363290639687
water_body_8044.jpg,0.6882413189282056
water_body_8045.jpg,0.38020674977196717
water_body_8046.jpg,0.07101672309428542
water_body_8047.jpg,0.5548823256010479
water_body_8048.jpg,0.13685367606646093
water_body_8049.jpg,0.6746666666666666
water_body_805.jpg,0.38957793409848207
water_body_8050.jpg,0.20472552348613468
water_body_8051.jpg,0.5942581604910829
water_body_8052.jpg,0.6049273120396575
water_body_8053.jpg,0.4655071867174368
water_body_8054.jpg,0.04247540798251234
water_body_8055.jpg,0.7081537583977691
water_body_8056.jpg,0.5939054726368159
water_body_8057.jpg,0.9366206896551724
water_body_8058.jpg,0.4990107405313737
water_body_8059.jpg,0.29959940965633564
water_body_806.jpg,0.10583118751435583
water_body_8064.jpg,0.3122476079955451
water_body_8065.jpg,0.1542196327683616
water_body_8068.jpg,0.5907120884650131
water_body_807.jpg,0.5352339559946683
water_body_8071.jpg,0.44800964154455636
water_body_8073.jpg,0.25716618287373005
water_body_8075.jpg,0.4364237047020066
water_body_8076.jpg,0.33094493659892305
water_body_808.jpg,1.0
water_body_8085.jpg,0.2141925649928021
water_body_8087.jpg,0.07117629364112726
water_body_8088.jpg,0.6292551789573559
water_body_8089.jpg,0.04123987903619159
water_body_809.jpg,0.3788251436856004
water_body_8090.jpg,0.26271904110481403
water_body_8094.jpg,0.8015616015494961
water_body_8095.jpg,0.45626953982895385
water_body_8098.jpg,0.41233898998159885
water_body_8099.jpg,0.6073974338666245
water_body_81.jpg,0.7186373941057153
water_body_810.jpg,1.0
water_body_8102.jpg,0.041762013729977114
water_body_8103.jpg,0.702589448801977
water_body_811.jpg,0.2231634292390828
water_body_8110.jpg,1.0
water_body_8111.jpg,0.21198054818744475
water_body_8114.jpg,0.3626272577996716
water_body_8117.jpg,0.25274527452745277
water_body_8118.jpg,0.4293473919642144
water_body_8120.jpg,0.1431818181818182
water_body_8121.jpg,0.2960575139146568
water_body_8125.jpg,0.427136389360498
water_body_8127.jpg,0.4171852244141401
water_body_8131.jpg,0.13740533807507965
water_body_8138.jpg,0.36036751361161523
water_body_8139.jpg,0.3888767482517482
water_body_8140.jpg,0.4089570100340606
water_body_8141.jpg,0.35454545454545455
water_body_8146.jpg,0.18906535920322953
water_body_8147.jpg,0.28564392293205854
water_body_8152.jpg,0.40304261316531254
water_body_8156.jpg,0.3068260242173286
water_body_8157.jpg,0.3670554915514593
water_body_8159.jpg,0.5260141093474426
water_body_816.jpg,0.43895750471006906
water_body_8160.jpg,0.36904761904761907
water_body_8161.jpg,0.39511050747005805
water_body_8162.jpg,0.20583456947093312
water_body_8163.jpg,0.4328847481021394
water_body_8164.jpg,0.6468253968253969
water_body_8165.jpg,0.0937372154763459
water_body_8167.jpg,0.08603527693517582
water_body_8168.jpg,0.26742919389978215
water_body_8169.jpg,0.15311843897518584
water_body_817.jpg,1.0
water_body_8171.jpg,0.2139847513096598
water_body_8172.jpg,0.20905470914127425
water_body_8173.jpg,0.30864058752997603
water_body_8177.jpg,0.18584221748400853
water_body_8178.jpg,0.34337899543378997
water_body_818.jpg,0.10338743824982358
water_body_8182.jpg,0.26841307853966084
water_body_8185.jpg,0.35215686274509805
water_body_8186.jpg,0.5304857859136275
water_body_8189.jpg,0.05970847429311281
water_body_8192.jpg,0.5800037283290872
water_body_8193.jpg,0.2020079458821003
water_body_8195.jpg,0.33586465442660773
water_body_8196.jpg,0.2935245037019262
water_body_8197.jpg,0.2671742051052396
water_body_8198.jpg,0.5644001307616868
water_body_8199.jpg,0.3451867816091954
water_body_820.jpg,0.08912260605243849
water_body_8201.jpg,0.2608837703177326
water_body_8202.jpg,0.2520984846057732
water_body_8203.jpg,0.12755863414175597
water_body_8204.jpg,0.6463541666666667
water_body_8206.jpg,0.2527612574341546
water_body_8207.jpg,0.05664568678267309
water_body_8208.jpg,0.02964538448409416
water_body_8209.jpg,0.26442577030812325
water_body_821.jpg,0.4438763940712033
water_body_8210.jpg,0.3199332483108566
water_body_8211.jpg,0.029152019206036182
water_body_8214.jpg,0.12549553517799222
water_body_8215.jpg,0.2570394207562349
water_body_8217.jpg,0.023366884171056902
water_body_8218.jpg,0.1848991056249538
water_body_8219.jpg,0.027886056971514243
water_body_822.jpg,0.15633182679690916
water_body_8220.jpg,0.04281586551090097
water_body_8224.jpg,0.22857142857142856
water_body_8229.jpg,0.034421992481203006
water_body_823.jpg,0.3239816707643858
water_body_8230.jpg,0.032412567759391046
water_body_8232.jpg,0.29203100775193797
water_body_8235.jpg,0.18420493197278912
water_body_8236.jpg,0.27336759946697126
water_body_8237.jpg,0.18145791258621347
water_body_8238.jpg,0.2212566844919786
water_body_8239.jpg,0.21523076923076923
water_body_824.jpg,0.08455950828832184
water_body_8240.jpg,0.15438726397630506
water_body_8242.jpg,0.04236706689536878
water_body_8243.jpg,0.3753968253968254
water_body_8244.jpg,0.3070817464260087
water_body_8245.jpg,0.1790896121026138
water_body_8246.jpg,0.17565137829412827
water_body_8247.jpg,0.22454989625861724
water_body_8248.jpg,0.233483642526405
water_body_825.jpg,0.334006908462867
water_body_8251.jpg,0.29131045554886614
water_body_8253.jpg,0.2905736060970718
water_body_8254.jpg,0.07607263335441704
water_body_8258.jpg,0.24961680330856445
water_body_826.jpg,0.4502435064935065
water_body_8265.jpg,0.18533577825613223
water_body_8266.jpg,0.3782928491712169
water_body_8267.jpg,0.25822686798296557
water_body_827.jpg,0.4931643087267124
water_body_8271.jpg,0.1964499061273255
water_body_8273.jpg,0.09520412642669007
water_body_8276.jpg,0.17086448904630722
water_body_8281.jpg,0.4344402601848682
water_body_8285.jpg,0.42887361184558437
water_body_8286.jpg,0.09517276858441225
water_body_8288.jpg,0.021693121693121695
water_body_8289.jpg,0.022172373802111945
water_body_829.jpg,0.6693939393939394
water_body_8294.jpg,0.16773675762439808
water_body_8296.jpg,0.03048307738183987
water_body_8297.jpg,0.03823776304744261
water_body_830.jpg,1.0
water_body_8300.jpg,0.29517677869925796
water_body_8303.jpg,0.05500550055005501
water_body_8304.jpg,0.09911148071956931
water_body_8305.jpg,0.38841550010144044
water_body_8307.jpg,0.22229537914286693
water_body_831.jpg,0.32112605879422024
water_body_8310.jpg,0.27979428172942816
water_body_8312.jpg,0.553119148516803
water_body_8314.jpg,0.41808174985819624
water_body_8316.jpg,0.34712507409602844
water_body_8319.jpg,0.5970767888307156
water_body_832.jpg,0.3696379235131598
water_body_8321.jpg,0.041904466501240696
water_body_8325.jpg,0.0966576332429991
water_body_8327.jpg,0.3425559947299078
water_body_8328.jpg,0.3119152691968226
water_body_833.jpg,0.5452713952713952
water_body_8330.jpg,0.45940968980184665
water_body_8331.jpg,0.3762360446570973
water_body_8332.jpg,0.17076458242871617
water_body_8333.jpg,0.22734303912647863
water_body_8334.jpg,0.15823010073824406
water_body_8335.jpg,0.27406832298136646
water_body_8336.jpg,0.22664506825230635
water_body_8338.jpg,0.1870803846851751
water_body_8339.jpg,0.28212422949265054
water_body_834.jpg,0.5653926882406078
water_body_8340.jpg,0.037154737154737154
water_body_8341.jpg,0.22407087294727746
water_body_8343.jpg,0.44487179487179485
water_body_8344.jpg,0.10925925925925926
water_body_8347.jpg,0.3506880733944954
water_body_8348.jpg,0.17810367014223574
water_body_8349.jpg,0.3133392575039494
water_body_8350.jpg,0.30433197958971153
water_body_8351.jpg,0.36213349968808484
water_body_8352.jpg,0.6070649208947081
water_body_8353.jpg,0.4245573957738435
water_body_8356.jpg,0.02593939393939394
water_body_8357.jpg,0.03655388471177945
water_body_8358.jpg,0.6089774752876357
water_body_8367.jpg,0.2336104892868564
water_body_8369.jpg,0.37028288931612197
water_body_837.jpg,0.24555116766613036
water_body_8370.jpg,0.5404998494429388
water_body_8371.jpg,0.2276905640226459
water_body_8372.jpg,0.32811306340718105
water_body_8375.jpg,0.05000232482447575
water_body_8376.jpg,0.04975396391470749
water_body_8377.jpg,0.05798326090455497
water_body_8378.jpg,1.0
water_body_8379.jpg,0.29030565394201757
water_body_838.jpg,0.8166733708769107
water_body_8380.jpg,0.29880894897794946
water_body_8381.jpg,0.4577751196172249
water_body_8382.jpg,0.40596736636069114
water_body_8383.jpg,0.7155878803277648
water_body_8384.jpg,0.30323367907260523
water_body_8386.jpg,0.4874969750746148
water_body_8387.jpg,0.04452113891285591
water_body_8388.jpg,0.30086603393376304
water_body_8389.jpg,0.1618321146945012
water_body_839.jpg,0.4192714453584019
water_body_8390.jpg,0.6023116265957875
water_body_8391.jpg,0.17456673085468818
water_body_8392.jpg,0.02006269592476489
water_body_8393.jpg,0.16727226093275765
water_body_8394.jpg,0.02005826983415509
water_body_8395.jpg,0.32208755050189514
water_body_8396.jpg,0.562126582278481
water_body_8397.jpg,0.768189884649512
water_body_8398.jpg,0.3948597947372967
water_body_8399.jpg,0.2731489502449166
water_body_840.jpg,0.5200940070505288
water_body_8400.jpg,0.13436619718309858
water_body_8401.jpg,0.5372294372294373
water_body_8402.jpg,0.20801992528019925
water_body_8404.jpg,0.16169191540422978
water_body_8405.jpg,0.4867013261000603
water_body_8406.jpg,0.5210579514824798
water_body_8407.jpg,0.21153473111306942
water_body_8408.jpg,0.25435930251159816
water_body_8409.jpg,0.22320693176951206
water_body_841.jpg,0.36056872037914695
water_body_8410.jpg,0.020540910647038686
water_body_8411.jpg,0.051664876476906554
water_body_8412.jpg,0.8191380718954249
water_body_8413.jpg,0.4088121735180559
water_body_8414.jpg,0.5934464404524284
water_body_8415.jpg,0.22076422058184977
water_body_8416.jpg,0.31158420395558184
water_body_8418.jpg,0.5756190973582278
water_body_8419.jpg,0.6152493347217401
water_body_842.jpg,0.3787527004544213
water_body_8420.jpg,0.10586107762218307
water_body_8421.jpg,0.7784382430234014
water_body_8422.jpg,0.18180481204776752
water_body_8423.jpg,0.6466051388708349
water_body_8424.jpg,0.4324343830442418
water_body_8425.jpg,0.5973513665821358
water_body_8426.jpg,0.3001898185514005
water_body_8427.jpg,0.38523766629711753
water_body_8428.jpg,0.8771749084249084
water_body_8429.jpg,0.4228110599078341
water_body_843.jpg,0.7528914432279669
water_body_8430.jpg,0.57360013266265
water_body_8431.jpg,0.4586908139181183
water_body_8432.jpg,0.3103864734299517
water_body_8433.jpg,0.41335412737559846
water_body_8434.jpg,0.020009460737937558
water_body_8435.jpg,0.49323588866428236
water_body_8436.jpg,0.4798782608695652
water_body_8437.jpg,0.8944379161770466
water_body_8439.jpg,0.5609794643657446
water_body_844.jpg,0.6443028669443763
water_body_8440.jpg,0.40064962155074796
water_body_8441.jpg,0.43056195301704286
water_body_8442.jpg,0.4438213914849429
water_body_8443.jpg,0.5765563713165041
water_body_8444.jpg,0.5654898554321524
water_body_8446.jpg,0.04489815902859381
water_body_8447.jpg,0.23236815261547272
water_body_8448.jpg,0.28515892002734106
water_body_8449.jpg,0.1660807159252695
water_body_8450.jpg,0.47608495756643904
water_body_8451.jpg,0.4635330464526095
water_body_8453.jpg,0.37819632881085397
water_body_8454.jpg,0.25651252300998495
water_body_8455.jpg,0.3519696764586436
water_body_8456.jpg,0.07571045170626542
water_body_8457.jpg,0.048033173990669815
water_body_8458.jpg,0.37658234340698793
water_body_8459.jpg,0.21279900590245418
water_body_846.jpg,0.28514376996805113
water_body_8460.jpg,0.3691397611676249
water_body_8461.jpg,0.11751996083793319
water_body_8462.jpg,0.04783999161161791
water_body_8463.jpg,0.1999290150842946
water_body_8464.jpg,0.5819152485819152
water_body_8465.jpg,1.0
water_body_8466.jpg,0.5656607796783015
water_body_8467.jpg,0.40829408686551544
water_body_8468.jpg,0.38422751109318276
water_body_8469.jpg,0.04105392156862745
water_body_847.jpg,0.3158984375
water_body_8470.jpg,0.20118818240205524
water_body_8471.jpg,0.31342701014832164
water_body_8472.jpg,0.2484472049689441
water_body_8473.jpg,0.23659473057063418
water_body_8474.jpg,0.041954383762293365
water_body_8475.jpg,0.37817460317460316
water_body_8476.jpg,0.4269911504424779
water_body_8477.jpg,0.22647332582178023
water_body_8478.jpg,0.44826762246117086
water_body_8479.jpg,0.11488290358554966
water_body_848.jpg,0.1885992795083704
water_body_8480.jpg,0.15890047704315258
water_body_8481.jpg,0.31195671234249356
water_body_8482.jpg,0.0930977229601518
water_body_8483.jpg,0.18541210795040117
water_body_8484.jpg,0.22004126255712164
water_body_8485.jpg,0.27469095640858815
water_body_8486.jpg,0.3973909131803869
water_body_8487.jpg,0.20877525252525253
water_body_8489.jpg,0.3380351154073782
water_body_849.jpg,0.1393216328140406
water_body_8490.jpg,0.04536814725890356
water_body_8491.jpg,0.3187022900763359
water_body_8492.jpg,0.39495683780099955
water_body_8493.jpg,0.44125494663628734
water_body_8494.jpg,0.48333333333333334
water_body_8495.jpg,0.6085119699577531
water_body_8496.jpg,0.45500700280112044
water_body_8497.jpg,0.4752941176470588
water_body_8498.jpg,0.371301775147929
water_body_8499.jpg,0.7399851079672375
water_body_85.jpg,0.6685385878489327
water_body_850.jpg,0.359745731391825
water_body_8500.jpg,0.40586391296330443
water_body_8501.jpg,0.3472516365036581
water_body_8502.jpg,0.6422459893048128
water_body_8503.jpg,0.07373499175413449
water_body_8504.jpg,0.24691177900982395
water_body_8505.jpg,0.4202686447473937
water_body_8506.jpg,0.47124272509414583
water_body_8507.jpg,0.3139697058155752
water_body_8508.jpg,0.4200623588861413
water_body_8509.jpg,0.25809195161908743
water_body_851.jpg,0.5013354010510899
water_body_8510.jpg,0.3212018803752085
water_body_8511.jpg,0.5929823188859333
water_body_8512.jpg,0.48325199645075423
water_body_8513.jpg,0.5545159680638723
water_body_8515.jpg,0.4732516086609366
water_body_8516.jpg,0.4864854399008674
water_body_8517.jpg,0.33882035567428825
water_body_852.jpg,0.1776950854764977
water_body_8520.jpg,0.6551893753074275
water_body_8522.jpg,0.46931918656056587
water_body_8523.jpg,0.25249429017910807
water_body_8526.jpg,0.23981416957026713
water_body_8528.jpg,0.30378795572255507
water_body_8529.jpg,0.3029935851746258
water_body_853.jpg,0.2082046712652154
water_body_8531.jpg,0.36539351851851853
water_body_8532.jpg,0.7226197516262567
water_body_8533.jpg,0.4534442805982726
water_body_8535.jpg,0.44992068334350216
water_body_8536.jpg,0.4591002044989775
water_body_8537.jpg,0.4968908988128886
water_body_8538.jpg,0.4352548036758563
water_body_8539.jpg,0.03361130020422056
water_body_854.jpg,0.24060713836521933
water_body_8540.jpg,0.1759314903846154
water_body_8541.jpg,0.14745762711864407
water_body_8542.jpg,0.20279979604134798
water_body_8543.jpg,0.34077545555102756
water_body_8544.jpg,0.8432034976152624
water_body_8545.jpg,0.18055555555555555
water_body_8546.jpg,0.026963961628208452
water_body_8547.jpg,0.38670049025196673
water_body_8549.jpg,0.5366110241697096
water_body_855.jpg,0.09481875623545062
water_body_8550.jpg,0.27329545454545456
water_body_8551.jpg,0.5229090909090909
water_body_8552.jpg,0.137814670853738
water_body_8553.jpg,0.25515244421733946
water_body_8554.jpg,0.3915343915343915
water_body_8555.jpg,0.49014796102490077
water_body_8556.jpg,0.1103063603063603
water_body_8558.jpg,0.2784318799327209
water_body_8559.jpg,0.3635190918472652
water_body_8560.jpg,0.09722449368280933
water_body_8561.jpg,0.16925426284050737
water_body_8562.jpg,0.39833101183961794
water_body_8563.jpg,0.2623032214725897
water_body_8564.jpg,0.196961475041696
water_body_8565.jpg,0.4383143965277549
water_body_8566.jpg,0.14257467923015238
water_body_8567.jpg,0.4159911423939262
water_body_857.jpg,0.04888425863691356
water_body_8571.jpg,0.4926533957997188
water_body_8572.jpg,0.5680779569892473
water_body_8573.jpg,0.1318181818181818
water_body_858.jpg,0.3400377542321276
water_body_8581.jpg,0.3095488300406333
water_body_8583.jpg,0.2728759432383013
water_body_8584.jpg,0.18044687880368632
water_body_8587.jpg,0.11991927825261159
water_body_859.jpg,0.4602162908421537
water_body_8592.jpg,0.6944592866048154
water_body_8595.jpg,0.31927412362194973
water_body_860.jpg,0.4864812335334514
water_body_8606.jpg,0.28118337223238504
water_body_8607.jpg,1.0
water_body_8608.jpg,0.1816727983825528
water_body_8609.jpg,0.079213473968515
water_body_8610.jpg,0.12591296636928478
water_body_8611.jpg,0.16252252252252253
water_body_8612.jpg,0.06516356470072902
water_body_8613.jpg,0.5214986170480261
water_body_8614.jpg,0.233245548524036
water_body_8615.jpg,0.13757895492391617
water_body_8616.jpg,0.6309571219965485
water_body_8617.jpg,0.36188374293910625
water_body_8618.jpg,0.33345716620848503
water_body_8619.jpg,0.13172577711354014
water_body_8620.jpg,0.5710681696188943
water_body_8621.jpg,0.43523621409837127
water_body_8622.jpg,0.2157260508923159
water_body_8623.jpg,0.12838858078263693
water_body_8624.jpg,0.23202319587628867
water_body_8625.jpg,0.17013107737425
water_body_8627.jpg,0.41209667525457
water_body_8628.jpg,0.4024182967557252
water_body_8629.jpg,0.1283798266834063
water_body_8630.jpg,0.17893496196292724
water_body_8631.jpg,0.14811348909673078
water_body_8632.jpg,0.08392021691758665
water_body_8633.jpg,0.2202911792162393
water_body_8634.jpg,0.11548619065801197
water_body_8635.jpg,0.2209154248192625
water_body_8636.jpg,0.1853849134590545
water_body_8637.jpg,1.0
water_body_8638.jpg,0.40233252084950105
water_body_8639.jpg,0.2197959992077639
water_body_8640.jpg,0.675714713978143
water_body_8641.jpg,0.15297105129507363
water_body_8642.jpg,0.49346890657235487
water_body_8643.jpg,0.2558639462704793
water_body_8644.jpg,0.24469651186214805
water_body_8645.jpg,0.21648988542785536
water_body_8646.jpg,0.3361485683499976
water_body_8648.jpg,0.1994629290018339
water_body_8649.jpg,0.2200005166757085
water_body_8650.jpg,0.4524718978500491
water_body_8651.jpg,0.3378246760151243
water_body_8653.jpg,0.1622756806930693
water_body_8654.jpg,0.37615133724722766
water_body_8655.jpg,0.21321543375337626
water_body_8656.jpg,0.1388124925013613
water_body_8657.jpg,0.15725728437100955
water_body_8658.jpg,0.42769254976005033
water_body_8659.jpg,0.34244222911089195
water_body_8660.jpg,0.043899901472401935
water_body_8661.jpg,0.4262691377921031
water_body_8662.jpg,0.1630194677196298
water_body_8663.jpg,0.23641452395189688
water_body_8664.jpg,0.19926357277078632
water_body_8665.jpg,0.2842248742698679
water_body_8666.jpg,1.0
water_body_8667.jpg,0.3323317307692308
water_body_8668.jpg,0.052288026624309814
water_body_8669.jpg,0.20336049290816716
water_body_8670.jpg,0.2294436146377894
water_body_8671.jpg,0.14323396229772167
water_body_8672.jpg,0.12859032501889645
water_body_8673.jpg,0.2083594535405838
water_body_8674.jpg,0.11423049982488617
water_body_8675.jpg,0.27983045425463854
water_body_8676.jpg,0.39816877637130804
water_body_8677.jpg,0.35843164469118666
water_body_8678.jpg,0.16715920993565764
water_body_8679.jpg,1.0
water_body_8680.jpg,0.31694121025426825
water_body_8681.jpg,0.16611170784103116
water_body_8682.jpg,0.13356002746073972
water_body_8683.jpg,0.10877633045825265
water_body_8684.jpg,0.22235411483918222
water_body_8685.jpg,0.27791808873720136
water_body_8686.jpg,0.24669991070086558
water_body_8687.jpg,0.28189582300988136
water_body_8689.jpg,0.3013392857142857
water_body_8690.jpg,0.0884962287559818
water_body_8691.jpg,0.15958563754431637
water_body_8692.jpg,0.5454819005205669
water_body_8693.jpg,0.08186793235812843
water_body_8694.jpg,1.0
water_body_8695.jpg,0.13296081116086297
water_body_8696.jpg,0.16326868430490799
water_body_8697.jpg,0.26855563159209656
water_body_8698.jpg,0.23375624519299912
water_body_8699.jpg,0.098550187991341
water_body_8700.jpg,0.16103117505995204
water_body_8701.jpg,0.15749233738222274
water_body_8702.jpg,0.2822853745023676
water_body_8703.jpg,0.1619847729062746
water_body_8704.jpg,0.12388231328931977
water_body_8706.jpg,0.10578491701374695
water_body_8708.jpg,0.28791463481830454
water_body_8709.jpg,0.2947075063812054
water_body_8710.jpg,0.2175379426644182
water_body_8711.jpg,1.0
water_body_8712.jpg,0.2090109605871512
water_body_8713.jpg,0.07088452455684094
water_body_8714.jpg,0.125084093381307
water_body_8715.jpg,0.08354271173055267
water_body_8716.jpg,0.2529447398532678
water_body_8717.jpg,0.1332379760414804
water_body_8718.jpg,0.5702686061725545
water_body_8719.jpg,0.09858365460859103
water_body_8720.jpg,0.0656341687383816
water_body_8721.jpg,0.17204147640791476
water_body_8722.jpg,0.19024725274725274
water_body_8723.jpg,0.06855917831527587
water_body_8724.jpg,0.15608935168750576
water_body_8725.jpg,0.1037998408829017
water_body_8727.jpg,0.18669796557120502
water_body_8728.jpg,0.2500449478604818
water_body_8729.jpg,0.27613670254588835
water_body_873.jpg,0.4633671854391981
water_body_8730.jpg,0.33074537282038574
water_body_8731.jpg,0.1597193935279475
water_body_8732.jpg,0.33114330637915546
water_body_8734.jpg,0.12127121765040677
water_body_8735.jpg,0.2692471449282392
water_body_8736.jpg,0.2574353733105429
water_body_8737.jpg,0.09665800021666125
water_body_8738.jpg,0.07580648371111863
water_body_8739.jpg,1.0
water_body_874.jpg,0.42736892736892734
water_body_8740.jpg,0.1036763102860788
water_body_8741.jpg,0.33828703703703705
water_body_8742.jpg,0.28788893651984426
water_body_8743.jpg,0.2953804868698486
water_body_8744.jpg,0.18155113838992437
water_body_8745.jpg,0.20961754295087628
water_body_8746.jpg,0.2678187036594116
water_body_8747.jpg,0.37063099444724884
water_body_8748.jpg,0.18462226640159046
water_body_8749.jpg,0.14114135178949994
water_body_875.jpg,0.17753615448700147
water_body_8750.jpg,0.204055
water_body_8751.jpg,0.4316813621161447
water_body_8752.jpg,1.0
water_body_8753.jpg,0.5882749326145552
water_body_8754.jpg,0.7193528428064905
water_body_8755.jpg,0.19653140198356028
water_body_8756.jpg,0.15634563307018687
water_body_8757.jpg,0.3561352181217774
water_body_8758.jpg,0.2643007213092443
water_body_8759.jpg,0.46964131273772214
water_body_876.jpg,0.37745208932553403
water_body_8760.jpg,0.16799949751900006
water_body_8761.jpg,1.0
water_body_8762.jpg,0.05962101770485004
water_body_8763.jpg,0.09362549800796813
water_body_8764.jpg,0.1708855661493198
water_body_8765.jpg,1.0
water_body_8766.jpg,0.18798542020491005
water_body_8767.jpg,0.26807610993657505
water_body_8768.jpg,0.13686239239367853
water_body_8769.jpg,0.22624069478908188
water_body_877.jpg,0.541106941133518
water_body_8770.jpg,0.38905189803777734
water_body_8771.jpg,0.5135163899531716
water_body_8772.jpg,0.4820071468116161
water_body_8773.jpg,0.23383005707038682
water_body_8774.jpg,0.3254740588333426
water_body_8775.jpg,0.13336546685297618
water_body_8776.jpg,0.12419441180171514
water_body_8777.jpg,0.18832561167055942
water_body_8779.jpg,0.09274607275927278
water_body_878.jpg,0.31289790699239517
water_body_8780.jpg,0.33313748531139836
water_body_8781.jpg,0.21580614606355628
water_body_8782.jpg,0.08299854785030993
water_body_8783.jpg,0.20986134220743205
water_body_8784.jpg,0.16865013774104684
water_body_8785.jpg,0.19667846423979785
water_body_8786.jpg,0.1882910674590573
water_body_8787.jpg,0.13826998450460304
water_body_8788.jpg,0.1138819345932213
water_body_8789.jpg,1.0
water_body_879.jpg,0.4024247559105947
water_body_8790.jpg,0.1880018001213125
water_body_8791.jpg,1.0
water_body_8792.jpg,0.09347504330026768
water_body_8793.jpg,0.05431568035610842
water_body_8794.jpg,0.08185958102361938
water_body_8795.jpg,0.26069871845864206
water_body_8796.jpg,0.31423152475784055
water_body_8797.jpg,0.13210631470606043
water_body_8798.jpg,0.13102295409181636
water_body_8799.jpg,0.10212871112366294
water_body_88.jpg,0.42298412698412696
water_body_880.jpg,0.5681070061470556
water_body_8800.jpg,0.31391424733393647
water_body_8801.jpg,0.06693886028275886
water_body_8802.jpg,0.24687319890015896
water_body_8804.jpg,0.2285203517612963
water_body_8807.jpg,0.29943262411347515
water_body_8808.jpg,0.20904408895825205
water_body_8809.jpg,0.1798162479197196
water_body_881.jpg,0.0790504226645421
water_body_8810.jpg,0.09921676778819635
water_body_8811.jpg,0.050457843110615984
water_body_8812.jpg,0.11829896907216494
water_body_8813.jpg,0.04024182011168028
water_body_8814.jpg,0.35001833516685
water_body_8815.jpg,0.23021390374331552
water_body_8816.jpg,0.24549605645496056
water_body_8817.jpg,0.6459737284479552
water_body_8818.jpg,0.11641156462585034
water_body_8819.jpg,0.2407723855092276
water_body_882.jpg,0.4823238153877729
water_body_8821.jpg,0.3901307161283814
water_body_8823.jpg,0.25955555555555554
water_body_8824.jpg,0.31661975134881537
water_body_8825.jpg,0.5502222222222222
water_body_8826.jpg,0.3248972250770812
water_body_8827.jpg,0.34724830275891955
water_body_8828.jpg,0.16968325791855204
water_body_883.jpg,0.6551638312201693
water_body_8831.jpg,0.6129032258064516
water_body_8832.jpg,0.2744360902255639
water_body_8833.jpg,0.5510695187165775
water_body_8834.jpg,0.206909681850016
water_body_8835.jpg,0.37853180473372783
water_body_8836.jpg,0.4841704718417047
water_body_8837.jpg,1.0
water_body_884.jpg,0.4205729166666667
water_body_8841.jpg,0.5356078347881627
water_body_8842.jpg,0.1775599128540305
water_body_8843.jpg,0.16079385425659
water_body_8844.jpg,0.14282552106390892
water_body_8845.jpg,0.18005865102639296
water_body_8846.jpg,0.2067821067821068
water_body_8847.jpg,0.15651755651755653
water_body_8848.jpg,0.5253246753246753
water_body_8849.jpg,0.5118718628390954
water_body_885.jpg,0.5622795414462081
water_body_8850.jpg,0.27996765716595917
water_body_8851.jpg,0.1512927054478301
water_body_8853.jpg,0.06862558408648142
water_body_8854.jpg,0.6886194029850746
water_body_8855.jpg,0.7374381528312259
water_body_8856.jpg,0.5578284815106216
water_body_8858.jpg,0.09155241043785936
water_body_8859.jpg,0.4638827375303174
water_body_886.jpg,0.6046026609133405
water_body_8860.jpg,0.20741642616642617
water_body_8861.jpg,0.08102652825836217
water_body_8862.jpg,0.24964488636363635
water_body_8863.jpg,0.25812769291030163
water_body_8864.jpg,0.047168141592920355
water_body_8866.jpg,0.21188920012449425
water_body_8867.jpg,0.25059005083514885
water_body_8868.jpg,0.17057291666666666
water_body_8869.jpg,0.27136514983351834
water_body_887.jpg,0.37193575655114114
water_body_8871.jpg,0.3430215617715618
water_body_8873.jpg,0.36177760577915374
water_body_8874.jpg,0.5483073881887818
water_body_8875.jpg,0.35496558505408066
water_body_8876.jpg,0.6497863586010445
water_body_8877.jpg,0.2667403314917127
water_body_888.jpg,0.2727272727272727
water_body_8882.jpg,0.08963572267920095
water_body_8883.jpg,0.2044653349001175
water_body_8884.jpg,0.4267773520647084
water_body_8885.jpg,0.1713499590211919
water_body_8887.jpg,0.06556910569105691
water_body_8888.jpg,0.2693877551020408
water_body_8889.jpg,0.2760051325919589
water_body_889.jpg,0.3845554834523037
water_body_8890.jpg,0.11272141706924316
water_body_8891.jpg,0.2909680908599243
water_body_8892.jpg,0.518414481897628
water_body_8893.jpg,0.34516765285996054
water_body_8895.jpg,0.5901610644257703
water_body_8896.jpg,0.250556947925369
water_body_8897.jpg,0.5480733258511036
water_body_8899.jpg,0.19568454451835565
water_body_890.jpg,0.3446969696969697
water_body_8901.jpg,0.07824678979314405
water_body_8903.jpg,0.40316901408450706
water_body_8907.jpg,0.08458424692190926
water_body_891.jpg,0.3487101991038999
water_body_8911.jpg,0.07602163461538461
water_body_8912.jpg,0.41591198979591837
water_body_8917.jpg,0.03160947553129265
water_body_8918.jpg,0.11977444572600282
water_body_8921.jpg,0.24799793335055542
water_body_8922.jpg,0.32414984542644115
water_body_8923.jpg,0.4338401324702695
water_body_8925.jpg,0.3538693710008451
water_body_8926.jpg,0.18989197530864196
water_body_8927.jpg,0.29065040650406504
water_body_8929.jpg,0.22522950210198187
water_body_893.jpg,0.7288287030573782
water_body_8930.jpg,0.11551699412017782
water_body_8931.jpg,0.7298341979452752
water_body_8932.jpg,0.4918552036199095
water_body_8933.jpg,0.3366527632950991
water_body_8934.jpg,0.06170725520040588
water_body_8935.jpg,0.2190389767522254
water_body_8936.jpg,0.6801825993555317
water_body_8937.jpg,0.06060036010857005
water_body_8938.jpg,0.14757235111217412
water_body_894.jpg,0.6245446551940711
water_body_8940.jpg,0.47460880999342536
water_body_8941.jpg,0.24900822803408756
water_body_8942.jpg,0.16938881215469614
water_body_8943.jpg,0.028520818291215402
water_body_8944.jpg,0.03270960504855171
water_body_8945.jpg,0.376007326007326
water_body_8946.jpg,0.07509306260575296
water_body_8948.jpg,0.06667125124643263
water_body_8949.jpg,0.3212027491408935
water_body_8950.jpg,0.5724097331240189
water_body_8951.jpg,0.23317580023462375
water_body_8952.jpg,0.05229988465974625
water_body_8953.jpg,0.4487837837837838
water_body_8954.jpg,0.20860016284852886
water_body_8955.jpg,0.24956769402909165
water_body_896.jpg,0.20957825787175363
water_body_8960.jpg,0.2862710224151911
water_body_897.jpg,0.16991560679900156
water_body_898.jpg,0.2910389540168031
water_body_899.jpg,0.5013765743892129
water_body_9.jpg,0.23923115089527736
water_body_90.jpg,0.21497846714050628
water_body_900.jpg,0.49236998987664504
water_body_901.jpg,0.4828139027831217
water_body_902.jpg,0.2956239221483124
water_body_903.jpg,0.3196743091406013
water_body_904.jpg,0.3626836483979341
water_body_905.jpg,0.4373905429071804
water_body_906.jpg,0.650650406504065
water_body_907.jpg,0.3562811812284684
water_body_908.jpg,0.38429333477019234
water_body_909.jpg,0.5859858532272325
water_body_910.jpg,0.5266248739011385
water_body_911.jpg,0.2215012146415778
water_body_913.jpg,0.3895276467505241
water_body_914.jpg,0.22087649111269433
water_body_915.jpg,0.41750098541584546
water_body_916.jpg,0.3859096093966766
water_body_917.jpg,0.47285772302693924
water_body_918.jpg,0.2690172032021802
water_body_919.jpg,0.1549942594718714
water_body_920.jpg,0.41257440476190477
water_body_921.jpg,0.318718229841523
water_body_922.jpg,0.6180709219858156
water_body_923.jpg,0.26723856209150326
water_body_924.jpg,0.47099088350465
water_body_925.jpg,0.6204306497952198
water_body_931.jpg,0.09987998570042388
water_body_932.jpg,0.08997369642580845
water_body_934.jpg,0.35418072679187723
water_body_935.jpg,1.0
water_body_938.jpg,0.43570699857172007
water_body_94.jpg,0.37769274376417233
water_body_942.jpg,0.32837535014005603
water_body_943.jpg,0.5286922903555764
water_body_944.jpg,0.1628158166619705
water_body_949.jpg,0.29567320729339536
water_body_95.jpg,0.2368
water_body_953.jpg,0.1648476893694212
water_body_955.jpg,0.14282863316679742
water_body_956.jpg,0.327970297029703
water_body_957.jpg,0.28391203703703705
water_body_958.jpg,0.26667772983737137
water_body_959.jpg,0.42952109618776285
water_body_96.jpg,0.13866263473638005
water_body_960.jpg,0.1394107589882769
water_body_961.jpg,0.4396629778672032
water_body_964.jpg,0.13731308136112091
water_body_966.jpg,0.5605055946954
water_body_967.jpg,0.30442304312027607
water_body_968.jpg,1.0
water_body_969.jpg,0.42727011494252876
water_body_97.jpg,0.40355555555555556
water_body_970.jpg,0.3626122448979592
water_body_971.jpg,0.15160129890510507
water_body_972.jpg,0.30007437156031536
water_body_973.jpg,0.5758029239092898
water_body_974.jpg,0.5362722351121423
water_body_975.jpg,0.44208211143695014
water_body_976.jpg,0.6349656451085178
water_body_977.jpg,0.3566326530612245
water_body_978.jpg,0.2645719489981785
water_body_979.jpg,0.20395554671572771
water_body_98.jpg,1.0
water_body_980.jpg,1.0
water_body_981.jpg,0.14971637522854062
water_body_982.jpg,0.3492653871212619
water_body_984.jpg,0.36309470073124495
water_body_985.jpg,0.2755513717052179
water_body_986.jpg,0.18737043889173707
water_body_987.jpg,0.5387952282362221
water_body_988.jpg,0.5390723981900453
water_body_989.jpg,0.15535591668574045
water_body_99.jpg,0.5178112301315405
water_body_990.jpg,0.6574293661250183
water_body_992.jpg,0.27295752043733384
water_body_993.jpg,0.0341158293460925
water_body_994.jpg,0.40176260597947344
water_body_995.jpg,0.29849699451400374
water_body_996.jpg,0.38409003462870334
water_body_997.jpg,0.21887163436459212
water_body_998.jpg,0.09300575529173791
water_body_999.jpg,0.3070731938263422
